gender,age,no_of_days_subscribed,multi_screen,mail_subscribed,weekly_mins_watched,minimum_daily_mins,maximum_daily_mins,weekly_max_night_mins,videos_watched,maximum_days_inactive,customer_support_calls,churn
0,36.0,62,0,0,148.35,12.2,16.81,82.0,1.0,4.0,1.0,0
0,39.0,149,0,0,294.45,7.7,33.37,87.0,3.0,3.0,2.0,0
0,59.5,126,0,0,87.3,11.9,9.89,91.0,1.0,4.0,3.5,0
0,24.0,131,0,1,321.3,9.5,36.41,102.0,4.0,3.0,3.0,0
0,40.0,191,0,0,243.0,10.9,27.54,83.0,7.0,3.0,1.0,0
1,59.5,205,0,1,263.7,7.8,29.89,64.0,5.0,3.0,2.0,0
1,31.0,63,0,0,316.8,12.3,35.9,58.0,2.0,4.0,0.0,0
1,34.0,114,0,1,338.7,8.4,38.39,100.0,9.0,3.0,3.5,0
1,34.0,107,0,0,201.0,7.3,22.78,79.0,3.0,2.0,3.0,0
0,30.0,84,0,0,112.95,12.3,12.8,134.0,1.0,4.0,1.0,0
0,23.0,142,0,0,218.1,10.9,24.72,96.0,1.0,3.0,1.0,0
0,21.0,137,0,0,313.2,11.1,35.5,130.0,5.0,3.0,0.0,0
1,30.0,100,0,1,328.05,12.1,37.18,117.0,4.0,4.0,1.0,0
1,44.0,84,0,0,239.25,7.2,27.12,82.0,4.0,2.0,2.0,0
0,45.0,99,0,0,300.0,11.4,34.0,82.0,2.0,4.0,3.0,0
1,39.0,115,0,0,367.5,13.7,41.65,124.0,8.0,4.0,1.0,0
0,59.0,194,0,0,72.6,17.4,8.23,87.0,1.0,5.0,1.0,0
0,45.0,76,0,0,395.1,11.4,44.78,101.0,5.0,4.0,1.0,0
1,32.0,94,0,0,206.25,13.4,23.38,131.0,2.0,4.0,0.0,0
0,36.0,81,0,1,251.85,9.2,28.54,103.0,6.0,3.0,3.5,0
1,50.0,137,0,0,363.15,14.7,41.16,50.0,2.0,4.0,3.0,0
1,28.0,119,1,1,240.0,8.7,27.2,107.0,5.0,3.0,3.5,0
1,37.0,138,0,1,275.85,15.0,31.26,125.0,3.0,5.0,1.0,0
0,44.0,124,0,0,197.7,11.3,22.41,101.0,2.0,4.0,1.0,0
1,45.0,161,0,0,482.11875,5.4,54.6375,128.0,9.0,2.0,3.5,0
1,33.0,89,0,0,123.45,7.2,13.99,70.0,4.0,2.0,1.0,0
0,34.0,105,1,1,234.15,14.7,26.54,95.0,3.0,4.0,0.0,0
0,32.0,59,0,0,273.75,11.3,31.03,100.0,8.0,4.0,3.5,0
0,32.0,81,0,0,218.1,5.2,24.72,109.0,4.0,2.0,1.0,0
1,35.0,67,0,0,228.75,4.9,25.93,104.0,3.0,2.0,2.0,0
1,52.0,129,0,0,324.0,4.9,36.72,109.0,10.0,2.0,2.0,0
1,30.0,62,0,0,220.65,12.2,25.01,115.0,3.0,4.0,0.0,0
1,55.0,95,0,1,391.2,10.1,44.34,97.0,5.0,3.0,1.0,0
0,44.0,76,0,0,336.6,6.7,38.15,74.0,2.0,2.0,2.0,0
0,31.0,37,0,0,286.65,12.9,32.49,117.0,1.0,4.0,0.0,0
0,41.0,80,0,0,482.11875,6.7,54.6375,123.0,8.0,2.0,0.0,0
0,43.0,190,0,0,254.1,8.9,28.8,93.0,5.0,3.0,1.0,0
0,45.0,168,0,1,146.1,11.4,16.56,124.0,2.0,4.0,2.0,0
0,39.0,166,1,1,192.3,8.8,21.79,130.0,7.0,3.0,2.0,0
0,38.0,42,0,0,361.8,10.6,41.0,91.0,4.0,3.0,0.0,0
1,43.0,96,0,0,390.6,11.5,44.27,87.0,4.0,4.0,3.5,0
0,26.0,76,1,0,409.95,12.0,46.46,84.0,7.0,4.0,1.0,0
1,29.0,94,0,0,285.9,7.5,32.4,97.0,5.0,3.0,1.0,0
1,45.0,76,0,1,284.55,10.0,32.25,108.0,5.0,3.0,1.0,0
0,26.0,77,0,0,244.5,6.7,27.71,66.0,3.0,2.0,2.0,0
1,36.0,54,0,1,168.0,11.3,19.04,83.0,4.0,4.0,2.0,0
1,31.0,41,0,0,238.95,11.1,27.08,76.0,5.0,3.0,1.0,0
1,30.0,53,0,1,218.55,13.1,24.77,96.0,5.0,4.0,3.0,0
1,34.0,131,0,0,230.1,10.4,26.08,83.0,3.0,3.0,0.0,0
1,52.0,98,0,1,181.5,12.0,20.57,110.0,1.0,4.0,1.0,0
0,41.0,90,0,1,275.7,7.7,31.25,124.0,3.0,3.0,1.0,0
1,27.0,146,1,0,240.15,9.2,27.22,98.0,3.0,3.0,2.0,0
1,36.0,51,1,0,230.4,14.1,26.11,92.0,4.0,4.0,0.0,0
0,56.0,100,0,1,265.65,7.4,30.11,72.0,2.0,2.0,0.0,0
1,40.0,126,0,0,183.6,11.5,20.81,106.0,3.0,4.0,1.0,0
1,49.0,97,0,1,181.65,8.3,20.59,100.0,5.0,3.0,3.0,0
0,33.0,74,0,1,290.55,14.6,32.93,92.0,3.0,4.0,2.0,0
0,47.0,86,0,1,184.5,13.3,20.91,103.0,4.0,4.0,1.0,0
1,26.0,95,0,1,61.35,11.9,6.95,91.0,7.0,4.0,0.0,0
0,43.0,75,1,0,250.05,10.1,28.34,121.0,3.0,3.0,3.0,0
0,34.0,27,0,0,109.05,9.9,12.36,71.0,3.0,3.0,1.0,0
1,42.0,65,0,0,281.85,7.5,31.94,86.0,6.0,3.0,1.0,0
1,59.5,163,0,0,371.55,9.6,42.11,82.0,7.0,3.0,0.0,0
0,37.0,44,0,0,214.8,7.6,24.34,77.0,4.0,3.0,1.0,0
0,46.0,166,0,0,411.45,10.9,46.63,119.0,5.0,3.0,0.0,0
1,31.0,92,0,0,209.7,9.4,23.77,135.0,7.0,3.0,2.0,0
0,49.0,84,0,0,254.25,10.6,28.82,70.0,7.0,3.0,0.0,0
1,32.0,45,0,0,239.7,10.6,27.17,93.0,3.0,3.0,2.0,0
0,43.0,140,0,0,187.95,8.4,21.3,94.0,4.0,3.0,1.0,0
1,33.0,122,0,0,161.85,9.5,18.34,119.0,3.0,3.0,2.0,0
0,39.0,50,0,1,454.05,13.6,51.46,103.0,10.5,4.0,3.0,0
0,27.0,132,0,0,289.95,11.6,32.86,119.0,4.0,4.0,3.5,0
0,46.0,119,0,1,325.65,8.0,36.91,93.0,5.0,3.0,2.0,0
0,36.0,134,0,0,363.6,11.8,41.21,115.0,6.0,4.0,1.0,0
0,52.0,89,0,0,211.65,10.8,23.99,73.0,2.0,3.0,2.0,0
1,41.0,109,0,0,397.05,9.5,45.0,86.0,9.0,3.0,1.0,0
1,59.5,21,0,1,199.05,12.9,22.56,78.0,7.0,4.0,3.0,0
0,35.0,167,0,0,249.6,9.9,28.29,95.0,5.0,3.0,1.0,0
0,52.0,75,0,1,176.25,4.2,19.98,114.0,7.0,2.0,3.0,0
1,43.0,86,0,0,186.15,6.7,21.1,119.0,8.0,2.0,3.0,0
0,41.0,35,0,1,362.55,9.4,41.09,68.0,4.0,3.0,1.0,0
1,31.0,177,0,0,349.2,12.5,39.58,77.0,7.0,4.0,2.0,0
1,37.0,122,0,0,348.75,11.9,39.53,91.0,2.0,4.0,0.0,0
1,31.0,118,0,0,210.6,7.9,23.87,154.5,1.0,3.0,0.0,0
1,34.0,87,1,1,332.4,11.5,37.67,124.0,3.0,4.0,1.0,0
1,44.0,95,0,1,194.25,11.9,22.02,115.0,3.0,4.0,1.0,0
1,35.0,103,1,0,94.2,9.4,10.68,78.0,4.0,3.0,3.0,0
1,46.0,135,0,0,370.2,12.6,41.96,109.0,5.0,4.0,1.0,0
0,34.0,144,0,0,301.65,13.2,34.19,119.0,2.0,4.0,1.0,0
0,32.0,148,0,1,379.35,12.3,42.99,99.0,1.0,4.0,1.0,0
1,28.0,70,0,0,189.45,9.6,21.47,96.0,2.0,3.0,0.0,0
1,48.0,149,0,0,249.9,8.2,28.32,131.0,6.0,3.0,3.5,0
0,33.0,54,1,0,285.75,9.7,32.39,111.0,2.0,3.0,2.0,0
1,46.0,83,0,0,303.45,6.8,34.39,82.0,4.0,2.0,0.0,0
1,43.0,30,0,0,341.1,12.5,38.66,134.0,3.0,4.0,0.0,0
1,36.0,56,0,0,243.45,14.8,27.59,115.0,1.0,4.0,3.5,0
1,24.0,93,0,0,286.05,8.1,32.42,121.0,3.0,3.0,3.0,0
1,48.0,72,0,0,263.25,11.8,29.84,96.0,3.0,4.0,1.0,0
1,34.0,91,0,1,409.5,9.6,46.41,114.0,2.0,3.0,1.0,0
1,37.0,110,1,0,439.95,14.5,49.86,91.0,4.0,4.0,0.0,0
1,48.0,137,0,0,165.75,10.5,18.79,64.0,3.0,3.0,3.0,0
0,34.0,149,0,0,363.75,10.0,41.23,80.0,3.0,3.0,3.0,0
0,38.0,55,0,1,195.75,11.0,22.19,114.0,5.0,3.0,3.5,0
0,40.0,72,1,1,209.7,5.5,23.77,88.0,6.0,2.0,0.0,0
0,37.0,128,0,0,324.0,12.7,36.72,74.0,4.0,4.0,1.0,0
1,38.0,132,0,0,121.65,10.3,13.79,115.0,2.0,3.0,0.0,0
0,32.0,146,0,0,223.95,7.9,25.38,100.0,4.0,3.0,3.5,0
0,39.0,134,0,1,325.2,8.6,36.86,83.0,2.0,3.0,0.0,0
0,40.0,99,0,0,94.35,8.5,10.69,121.0,5.0,3.0,1.0,0
1,39.0,107,0,0,291.75,12.7,33.07,106.0,1.0,4.0,2.0,0
0,37.0,38,0,1,295.8,3.9,33.52,104.0,2.0,2.0,0.0,0
1,28.0,64,0,0,252.0,10.1,28.56,98.0,3.0,3.0,2.0,0
1,44.0,172,0,1,412.35,8.8,46.73,123.0,2.0,3.0,1.0,0
0,36.0,80,1,0,283.65,13.9,32.15,116.0,3.0,4.0,2.0,0
0,40.0,86,0,1,338.25,9.8,38.34,81.0,2.0,3.0,0.0,0
1,46.0,82,0,0,283.8,10.6,32.16,83.0,5.0,3.0,3.0,0
1,39.0,137,1,0,202.65,12.3,22.97,81.0,2.0,4.0,2.0,0
1,31.0,92,0,0,374.1,9.1,42.4,116.0,3.0,3.0,0.0,0
0,36.0,161,1,0,284.4,3.000000000000001,32.23,137.0,6.0,1.5,1.0,0
0,50.0,39,0,1,212.55,12.0,24.09,131.0,5.0,4.0,1.0,0
1,34.0,108,0,0,297.75,9.4,33.75,75.0,3.0,3.0,0.0,0
0,38.0,66,0,1,344.1,8.0,39.0,119.0,1.0,3.0,2.0,0
0,32.0,94,0,0,261.0,7.9,29.58,94.0,1.0,3.0,1.0,0
1,36.0,92,1,0,396.45,9.3,44.93,73.0,5.0,3.0,0.0,0
1,30.0,110,0,1,354.45,9.7,40.17,82.0,6.0,3.0,1.0,0
0,45.0,94,1,1,295.65,9.5,33.51,103.0,5.0,3.0,3.5,0
1,57.0,65,0,1,423.45,12.0,47.99,93.0,4.0,4.0,1.0,0
0,33.0,162,0,1,269.55,9.3,30.55,105.0,8.0,3.0,1.0,0
0,33.0,10,0,0,279.15,11.4,31.64,57.0,6.0,4.0,2.0,0
0,37.0,128,0,0,154.95,6.4,17.56,95.0,7.0,2.0,0.0,0
1,33.0,156,1,0,415.5,8.3,47.09,96.0,3.0,3.0,1.0,0
1,30.0,100,0,1,323.85,11.6,36.7,154.5,4.0,4.0,1.0,0
1,35.0,63,0,0,124.5,13.0,14.11,89.0,3.0,4.0,0.0,0
0,40.0,119,0,1,241.95,6.6,27.42,92.0,8.0,2.0,1.0,0
0,33.0,107,1,0,291.6,11.2,33.05,93.0,7.0,4.0,2.0,0
1,36.0,111,0,0,259.2,7.9,29.38,104.0,3.0,3.0,3.5,0
0,59.5,53,0,0,307.65,10.7,34.87,142.0,2.0,3.0,3.0,0
0,22.0,98,0,1,96.9,3.000000000000001,10.98,84.0,0.0,1.5,2.0,0
0,31.0,67,0,0,257.55,11.9,29.19,111.0,4.0,4.0,2.0,0
1,30.0,112,0,0,255.75,11.2,28.99,91.0,6.0,4.0,0.0,0
0,24.0,94,0,0,272.7,9.2,30.91,97.0,2.0,3.0,3.5,0
0,31.0,127,0,0,209.4,8.8,23.73,88.0,4.0,3.0,2.0,0
1,39.0,161,0,0,109.2,11.8,12.38,91.0,2.0,4.0,2.0,0
1,43.0,70,0,0,202.05,7.6,22.9,113.0,6.0,3.0,3.0,0
0,33.0,61,0,1,433.05,8.6,49.08,49.0,3.0,3.0,0.0,0
0,40.0,158,0,0,263.85,11.0,29.9,98.0,6.0,3.0,1.0,0
0,48.0,108,0,0,154.5,7.9,17.51,89.0,3.0,3.0,1.0,0
1,44.0,92,0,1,212.4,10.2,24.07,95.0,10.5,3.0,0.0,0
0,44.0,118,0,1,384.45,11.7,43.57,130.0,1.0,4.0,1.0,0
1,28.0,106,0,1,122.4,9.9,13.87,113.0,4.0,3.0,1.0,0
1,26.0,192,0,0,332.4,12.7,37.67,83.0,6.0,4.0,3.5,0
1,49.0,38,0,0,206.7,14.1,23.43,77.0,3.0,4.0,2.0,0
1,27.0,136,0,0,378.6,10.7,42.91,110.0,3.0,3.0,2.0,0
0,29.0,103,0,0,225.9,10.4,25.6,104.0,8.0,3.0,3.5,0
0,39.0,116,0,1,300.6,8.3,34.07,100.0,4.0,3.0,1.0,0
1,34.0,49,0,1,321.6,8.0,36.45,107.0,10.5,3.0,3.0,0
0,26.0,118,0,0,281.1,12.2,31.86,97.0,6.0,4.0,1.0,0
0,36.0,40,0,1,222.15,6.2,25.18,102.0,5.0,2.0,2.0,0
0,37.0,130,0,0,180.75,14.3,20.49,107.0,2.0,4.0,1.0,0
1,41.0,37,0,0,299.25,8.1,33.92,123.0,4.0,3.0,2.0,0
0,28.0,112,1,0,242.85,10.7,27.52,134.0,4.0,3.0,1.0,0
1,35.0,125,0,0,190.05,14.4,21.54,112.0,7.0,4.0,2.0,0
0,43.0,9,0,1,290.7,13.3,32.95,102.0,2.0,4.0,1.0,0
1,40.0,72,0,1,139.2,5.8,15.78,83.0,7.0,2.0,1.0,0
0,29.0,103,0,0,260.25,9.7,29.5,66.0,2.0,3.0,3.0,0
0,42.0,57,0,0,223.95,11.9,25.38,101.0,3.0,4.0,2.0,0
1,43.0,140,0,0,243.9,8.2,27.64,66.0,2.0,3.0,1.0,0
0,47.0,88,0,1,272.4,11.4,30.87,104.0,4.0,4.0,1.0,0
0,50.0,142,0,1,330.75,5.9,37.49,109.0,9.0,2.0,2.0,0
0,38.0,45,0,1,295.2,7.7,33.46,85.0,2.0,3.0,1.0,0
1,32.0,92,0,0,302.85,13.7,34.32,80.0,6.0,4.0,3.0,0
1,31.0,88,0,0,92.85,8.8,10.52,110.0,2.0,3.0,3.0,0
0,37.0,57,1,1,351.75,11.4,39.87,94.0,4.0,4.0,2.0,0
1,45.0,67,0,1,157.35,9.6,17.83,128.0,9.0,3.0,1.0,0
1,51.0,58,0,1,360.6,11.2,40.87,108.0,3.0,4.0,1.0,0
1,37.0,101,0,0,314.4,7.6,35.63,85.0,2.0,3.0,3.0,0
1,38.0,130,0,0,316.8,6.3,35.9,80.0,9.0,2.0,2.0,0
0,35.0,179,0,0,430.95,10.5,48.84,112.0,4.0,3.0,0.0,0
1,34.0,98,0,1,272.4,12.9,30.87,121.0,4.0,4.0,2.0,0
1,32.0,37,0,1,397.05,10.4,45.0,102.0,7.0,3.0,0.0,0
1,45.0,72,0,1,330.0,14.7,37.4,71.0,6.0,4.0,3.0,0
1,34.0,137,0,0,172.5,7.3,19.55,61.0,4.0,2.0,3.0,0
1,25.0,127,0,1,123.3,5.1,13.97,104.0,6.0,2.0,0.0,0
0,28.0,72,0,0,326.7,10.4,37.03,91.0,5.0,3.0,3.5,0
0,37.0,17,0,1,297.75,8.1,33.75,130.0,10.0,3.0,1.0,0
1,35.0,129,0,0,215.55,11.4,24.43,86.0,8.0,4.0,3.5,0
1,36.0,114,0,1,309.3,11.4,35.05,83.0,6.0,4.0,1.0,0
1,36.0,91,1,0,217.5,16.7,24.65,151.0,3.0,5.0,2.0,0
0,30.0,93,0,1,328.05,9.4,37.18,85.0,5.0,3.0,2.0,0
1,32.0,101,0,1,313.8,9.5,35.56,100.0,3.0,3.0,0.0,0
1,47.0,57,1,1,354.75,12.2,40.21,117.0,3.0,4.0,2.0,0
0,31.0,126,1,1,367.35,9.7,41.63,136.0,6.0,3.0,3.5,0
1,41.0,130,0,0,190.5,6.1,21.59,99.0,6.0,2.0,0.0,0
1,43.0,83,0,1,143.85,13.3,16.3,109.0,4.0,4.0,0.0,0
1,59.5,116,0,0,325.95,11.3,36.94,76.0,3.0,4.0,2.0,0
1,42.0,87,0,0,226.5,9.7,25.67,127.0,3.0,3.0,3.5,0
1,29.0,149,0,0,234.0,8.9,26.52,104.0,8.0,3.0,0.0,0
0,35.0,117,0,0,253.2,15.5,28.7,106.0,4.0,5.0,0.0,0
0,34.0,50,0,1,379.35,8.5,42.99,146.0,4.0,3.0,3.0,0
0,53.0,74,0,0,261.15,8.3,29.6,123.0,5.0,3.0,2.0,0
1,42.0,152,1,1,356.25,14.2,40.38,80.0,3.0,4.0,3.5,0
1,52.0,96,0,1,218.7,9.9,24.79,96.0,2.0,3.0,1.0,0
0,45.0,159,0,1,276.15,16.9,31.3,101.0,3.0,5.0,0.0,0
1,29.0,162,0,1,337.35,12.1,38.23,61.0,2.0,4.0,0.0,0
0,34.0,75,0,0,221.25,16.4,25.08,68.0,3.0,5.0,2.0,0
1,49.0,118,0,0,204.15,11.3,23.14,90.0,4.0,4.0,1.0,0
0,22.0,87,0,0,219.45,5.3,24.87,66.0,9.0,2.0,1.0,0
1,41.0,37,1,1,224.55,9.2,25.45,90.0,4.0,3.0,1.0,0
1,45.0,155,0,0,305.1,8.9,34.58,119.0,4.0,3.0,0.0,0
0,26.0,75,1,0,316.95,9.7,35.92,63.0,4.0,3.0,3.5,0
1,30.0,105,0,0,421.95,8.7,47.82,109.0,3.0,3.0,0.0,0
1,30.0,155,0,0,285.45,8.0,32.35,134.0,3.0,3.0,1.0,0
1,37.0,100,0,0,324.3,10.2,36.75,127.0,3.0,3.0,0.0,0
0,39.0,77,0,0,350.7,7.6,39.75,104.0,3.0,3.0,2.0,0
1,35.0,123,0,1,405.6,15.4,45.97,113.0,7.0,5.0,1.0,0
1,31.0,5,0,0,298.8,13.3,33.86,85.0,3.0,4.0,3.0,0
0,31.0,129,0,0,279.0,11.5,31.62,63.0,6.0,4.0,3.5,0
0,45.0,186,0,1,111.45,14.5,12.63,90.0,3.0,4.0,2.0,0
0,35.0,64,0,1,436.65,7.5,49.49,67.0,2.0,3.0,1.0,0
1,30.0,139,0,0,207.15,8.3,23.48,63.0,2.0,3.0,1.0,0
1,56.0,149,0,1,271.05,12.6,30.72,53.0,3.0,4.0,3.0,0
1,42.0,19,0,0,279.15,14.6,31.64,127.0,7.0,4.0,2.0,0
1,39.0,74,0,0,205.05,9.8,23.24,114.0,4.0,3.0,0.0,0
0,44.0,89,1,1,168.9,11.1,19.14,116.0,2.0,3.0,0.0,0
0,29.0,80,0,0,240.9,10.7,27.3,88.0,1.0,3.0,1.0,0
1,29.0,95,1,1,330.3,4.1,37.43,82.0,2.0,2.0,0.0,0
1,50.0,111,0,0,295.65,9.3,33.51,101.0,10.5,3.0,0.0,0
0,35.0,87,0,0,307.2,9.5,34.82,89.0,3.0,3.0,0.0,0
0,35.0,127,0,1,214.8,11.6,24.34,77.0,1.0,4.0,1.0,0
0,34.0,98,0,1,269.85,12.8,30.58,76.0,7.0,4.0,3.0,0
1,24.0,147,1,1,329.85,8.1,37.38,111.0,4.0,3.0,3.0,0
0,50.0,34,0,0,440.55,11.0,49.93,76.0,10.0,3.0,2.0,0
1,37.0,116,0,0,241.05,8.2,27.32,144.0,5.0,3.0,0.0,0
1,59.5,86,0,0,189.45,9.8,21.47,95.0,7.0,3.0,2.0,0
0,59.5,115,1,0,270.0,12.4,30.6,70.0,3.0,4.0,1.0,0
0,33.0,55,0,0,291.15,7.0,33.0,136.0,7.0,2.0,2.0,0
1,38.0,73,0,0,297.45,14.8,33.71,87.0,8.0,4.0,3.0,0
1,38.0,114,0,0,287.25,3.000000000000001,32.56,118.0,0.0,1.5,0.0,0
0,46.0,99,0,0,220.05,8.9,24.94,98.0,1.0,3.0,3.0,0
1,29.0,131,0,1,203.85,9.4,23.1,121.0,4.0,3.0,1.0,0
1,37.0,122,0,1,380.55,9.2,43.13,123.0,5.0,3.0,3.5,0
0,30.0,138,1,1,337.8,11.7,38.28,99.0,4.0,4.0,0.0,0
1,39.0,87,0,0,173.1,13.1,19.62,69.0,5.0,4.0,2.0,0
0,19.0,121,0,1,297.6,5.8,33.73,77.0,3.0,2.0,3.0,0
1,37.0,78,0,0,112.5,9.5,12.75,83.0,6.0,3.0,3.0,0
1,49.0,110,0,0,294.15,12.9,33.34,71.0,1.0,4.0,3.0,0
1,59.5,153,0,0,290.7,8.5,32.95,108.0,3.0,3.0,1.0,0
1,39.0,134,0,0,212.55,8.8,24.09,60.0,6.0,3.0,0.0,0
0,31.0,63,0,0,317.7,10.7,36.01,99.0,9.0,3.0,3.0,0
1,42.0,125,0,1,354.15,9.1,40.14,107.0,4.0,3.0,2.0,0
1,30.0,119,0,0,285.6,10.0,32.37,111.0,1.0,3.0,2.0,0
0,30.0,132,1,1,300.45,12.9,34.05,91.0,3.0,4.0,2.0,0
0,36.0,85,0,0,353.7,12.0,40.09,99.0,3.0,4.0,0.0,0
1,30.0,29,0,0,236.1,9.3,26.76,92.0,2.0,3.0,1.0,0
1,56.0,17,0,0,242.25,8.6,27.46,106.0,5.0,3.0,1.0,0
0,35.0,149,0,1,310.05,10.9,35.14,80.0,3.0,3.0,1.0,0
1,39.0,39,0,0,240.6,9.1,27.27,106.0,5.0,3.0,2.0,0
0,40.0,95,0,0,297.6,10.1,33.73,99.0,3.0,3.0,0.0,0
0,40.0,55,0,0,430.05,6.9,48.74,122.0,5.0,2.0,2.0,0
1,29.0,146,0,0,309.45,6.1,35.07,91.0,3.0,2.0,1.0,0
1,24.0,115,0,0,149.55,14.1,16.95,99.0,4.0,4.0,2.0,0
0,38.0,138,0,1,60.46875000000003,7.9,6.857499999999998,111.0,1.0,3.0,0.0,0
0,40.0,89,0,0,319.5,9.1,36.21,126.0,1.0,3.0,1.0,0
1,33.0,99,0,0,361.65,11.6,40.99,109.0,10.0,4.0,1.0,0
0,51.0,111,0,0,219.3,8.7,24.85,116.0,3.0,3.0,3.0,0
1,39.0,53,0,1,60.46875000000003,6.5,6.857499999999998,64.0,7.0,2.0,1.0,0
1,25.0,64,0,0,337.2,9.2,38.22,110.0,2.0,3.0,1.0,0
1,54.0,102,0,0,154.65,11.2,17.53,92.0,5.0,4.0,1.0,0
1,25.0,59,0,0,241.35,5.0,27.35,97.0,5.0,2.0,3.0,0
1,39.0,72,0,1,280.05,16.5,31.74,119.0,4.0,5.0,1.0,0
1,29.0,106,0,0,411.6,6.0,46.65,62.0,3.0,2.0,1.0,0
0,49.0,115,0,1,217.5,14.2,24.65,138.0,3.0,4.0,2.0,0
1,41.0,118,0,0,283.2,8.2,32.1,100.0,7.0,3.0,3.5,0
1,59.5,138,0,0,291.45,9.0,33.03,102.0,3.0,3.0,3.5,0
0,43.0,162,0,0,276.75,11.6,31.37,82.0,3.0,4.0,1.0,0
1,46.0,90,1,0,222.3,9.2,25.19,97.0,1.0,3.0,3.5,0
1,43.0,104,0,0,195.75,13.0,22.19,63.0,6.0,4.0,0.0,0
1,30.0,165,0,0,225.75,10.3,25.59,93.0,2.0,3.0,1.0,0
1,41.0,87,0,1,227.1,3.000000000000001,25.74,109.0,0.0,1.5,1.0,0
0,44.0,36,0,0,236.4,11.9,26.79,99.0,1.0,4.0,0.0,0
1,47.0,138,1,0,253.95,9.4,28.78,77.0,9.0,3.0,1.0,0
0,59.5,151,0,0,234.6,7.7,26.59,141.0,6.0,3.0,3.5,0
0,41.0,148,0,0,303.0,10.9,34.34,90.0,3.0,3.0,1.0,0
1,29.0,45,0,1,294.9,11.9,33.42,108.0,3.0,4.0,0.0,0
0,35.0,50,0,1,288.9,7.9,32.74,101.0,2.0,3.0,2.0,0
1,36.0,150,0,0,253.8,12.6,28.76,107.0,3.0,4.0,1.0,0
1,37.0,102,1,0,350.7,12.8,39.75,106.0,3.0,4.0,0.0,0
1,29.0,99,0,0,297.3,8.7,33.69,113.0,3.0,3.0,3.5,0
0,41.0,132,0,0,265.05,9.1,30.04,120.0,4.0,3.0,2.0,0
1,49.0,31,0,1,150.15,5.9,17.02,131.0,3.0,2.0,0.0,0
1,38.0,106,0,0,331.05,8.7,37.52,113.0,5.0,3.0,1.0,0
1,36.0,201,0,1,288.0,15.1,32.64,125.0,3.0,5.0,1.0,0
0,32.0,77,0,0,93.6,5.7,10.61,64.0,6.0,2.0,3.5,0
1,43.0,102,0,0,172.2,12.0,19.52,101.0,4.0,4.0,0.0,0
0,22.0,94,0,0,236.85,8.0,26.84,84.0,5.0,3.0,3.5,0
1,36.0,174,0,1,332.7,12.4,37.71,109.0,9.0,4.0,1.0,0
0,24.0,56,0,1,182.55,12.7,20.69,98.0,3.0,4.0,1.0,0
1,38.0,106,0,0,171.6,3.000000000000001,19.45,78.0,0.0,1.5,2.0,0
0,39.0,132,0,1,231.9,9.1,26.28,90.0,4.0,3.0,1.0,0
0,29.0,27,0,0,290.7,9.2,32.95,124.0,3.0,3.0,0.0,0
0,46.0,152,0,0,295.65,7.4,33.51,100.0,4.0,2.0,3.0,0
1,41.0,101,0,0,372.9,6.1,42.26,86.0,3.0,2.0,3.0,0
0,30.0,139,0,1,144.3,12.9,16.35,84.0,10.0,4.0,2.0,0
1,24.0,98,0,0,257.55,7.8,29.19,130.0,6.0,3.0,1.0,0
0,30.0,141,0,1,323.1,7.8,36.62,89.0,6.0,3.0,1.0,0
0,43.0,103,0,0,297.75,12.4,33.75,124.0,5.0,4.0,0.0,0
1,36.0,76,0,0,409.05,7.7,46.36,105.0,2.0,3.0,0.0,0
0,29.0,87,0,0,482.11875,9.4,54.6375,128.0,4.0,3.0,2.0,0
1,52.0,103,0,0,369.75,11.7,41.91,96.0,4.0,4.0,1.0,0
1,33.0,112,0,0,365.1,12.8,41.38,94.0,2.0,4.0,1.0,0
1,59.5,118,0,0,200.1,5.9,22.68,129.0,4.0,2.0,1.0,0
0,40.0,157,0,0,294.0,7.9,33.32,81.0,6.0,3.0,1.0,0
1,27.0,50,0,1,321.45,10.6,36.43,130.0,4.0,3.0,1.0,0
0,49.0,178,0,0,413.1,13.6,46.82,126.0,3.0,4.0,1.0,0
1,36.0,163,0,1,347.85,12.3,39.42,74.0,3.0,4.0,2.0,0
0,42.0,121,1,1,381.15,8.7,43.2,129.0,4.0,3.0,3.0,0
1,38.0,18,0,0,410.4,8.2,46.51,120.0,4.0,3.0,1.0,0
1,36.0,131,0,1,103.65,9.1,11.75,94.0,4.0,3.0,0.0,0
1,39.0,120,0,0,298.2,9.9,33.8,81.0,3.0,3.0,2.0,0
1,39.0,127,0,0,331.5,6.8,37.57,96.0,4.0,2.0,2.0,0
0,41.0,122,0,0,365.7,13.7,41.45,84.0,8.0,4.0,2.0,0
0,25.0,66,0,1,382.35,5.4,43.33,95.0,3.0,2.0,2.0,0
0,54.0,110,0,0,277.65,6.3,31.47,104.0,4.0,2.0,3.0,0
0,35.0,36,0,0,175.65,9.0,19.91,108.0,2.0,3.0,0.0,0
0,44.0,108,0,0,369.3,9.4,41.85,95.0,5.0,3.0,1.0,0
1,46.0,126,0,0,339.3,6.4,38.45,110.0,2.0,2.0,0.0,0
0,32.0,84,0,1,238.65,13.0,27.05,108.0,10.5,4.0,1.0,0
1,33.0,35,0,0,223.95,8.9,25.38,104.0,6.0,3.0,2.0,0
0,43.0,137,0,0,220.8,10.2,25.02,105.0,4.0,3.0,1.0,0
1,32.0,66,0,0,384.45,6.2,43.57,135.0,7.0,2.0,2.0,0
1,33.0,98,0,0,325.2,11.0,36.86,79.0,9.0,3.0,0.0,0
1,59.5,156,0,0,268.2,7.5,30.4,77.0,3.0,3.0,1.0,0
0,35.0,22,0,1,273.15,12.7,30.96,102.0,4.0,4.0,3.0,0
1,44.0,111,0,0,286.95,6.4,32.52,107.0,3.0,2.0,2.0,0
1,23.0,91,0,0,229.5,10.3,26.01,76.0,10.5,3.0,1.0,0
0,59.0,176,0,1,424.8,7.2,48.14,104.0,6.0,2.0,1.0,0
0,29.0,182,0,0,157.35,8.0,17.83,91.0,5.0,3.0,2.0,0
0,32.0,29,0,0,295.2,12.7,33.46,98.0,7.0,4.0,2.0,0
1,29.0,189,0,0,312.45,11.3,35.41,120.0,5.0,4.0,3.0,0
0,37.0,106,1,0,306.0,13.3,34.68,102.0,3.0,4.0,3.0,0
1,55.0,79,0,0,320.4,8.8,36.31,154.5,3.0,3.0,2.0,0
1,42.0,96,0,1,263.7,11.1,29.89,105.0,2.0,3.0,2.0,0
1,49.0,140,0,0,353.25,11.5,40.04,111.0,4.0,4.0,2.0,0
0,25.0,58,0,0,168.3,13.9,19.07,78.0,1.0,4.0,0.0,0
0,39.0,56,0,0,379.8,4.4,43.04,133.0,4.0,2.0,1.0,0
0,44.0,122,0,1,219.6,15.6,24.89,91.0,4.0,5.0,2.0,0
1,46.0,153,0,0,183.75,8.0,20.83,71.0,3.0,3.0,2.0,0
1,46.0,138,0,0,200.85,15.4,22.76,139.0,3.0,5.0,1.0,0
0,49.0,99,1,0,363.45,11.3,41.19,93.0,3.0,4.0,0.0,0
0,35.0,131,0,1,289.05,10.9,32.76,59.0,6.0,3.0,2.0,0
1,44.0,114,0,0,254.4,7.4,28.83,124.0,8.0,2.0,1.0,0
1,29.0,86,0,1,296.85,10.1,33.64,120.0,9.0,3.0,0.0,0
0,47.0,154,0,0,287.1,10.2,32.54,121.0,3.0,3.0,3.0,0
0,38.0,51,0,0,389.85,15.3,44.18,112.0,1.0,5.0,1.0,0
1,37.0,118,0,1,256.2,9.6,29.04,98.0,5.0,3.0,3.5,0
0,46.0,106,0,0,315.9,12.4,35.8,88.0,1.0,4.0,2.0,0
1,39.0,108,1,1,195.15,13.6,22.12,80.0,5.0,4.0,3.0,0
1,30.0,166,0,0,331.05,12.4,37.52,102.0,9.0,4.0,1.0,0
1,46.0,131,0,0,141.6,13.1,16.05,108.0,9.0,4.0,2.0,0
1,32.0,64,0,0,309.3,13.6,35.05,96.0,2.0,4.0,1.0,0
0,42.0,76,1,0,361.5,9.9,40.97,67.0,1.0,3.0,1.0,0
0,36.0,127,0,0,399.9,5.9,45.32,119.0,2.0,2.0,1.0,0
1,23.0,72,0,0,248.85,12.0,28.2,120.0,5.0,4.0,2.0,0
0,39.0,1,0,1,312.0,8.1,35.36,144.0,9.0,3.0,1.0,0
1,44.0,114,0,1,231.6,10.3,26.25,103.0,5.0,3.0,0.0,0
0,26.0,118,0,0,231.9,12.6,26.28,102.0,5.0,4.0,2.0,0
0,36.0,93,1,1,338.55,14.0,38.37,125.0,7.0,4.0,1.0,0
1,23.0,117,0,0,153.45,15.7,17.39,93.0,10.0,5.0,3.0,0
1,22.0,120,0,0,318.15,5.3,36.06,96.0,5.0,2.0,1.0,0
0,30.0,108,0,0,254.4,9.3,28.83,78.0,4.0,3.0,0.0,0
0,34.0,131,0,0,169.2,10.1,19.18,105.0,5.0,3.0,0.0,0
0,32.0,83,0,1,233.85,13.1,26.5,105.0,5.0,4.0,3.0,0
0,33.0,62,0,0,421.5,3.000000000000001,47.77,74.0,0.0,1.5,1.0,0
0,32.0,157,0,1,291.45,7.1,33.03,114.0,5.0,2.0,1.0,0
0,41.0,132,0,0,149.25,9.7,16.92,124.0,3.0,3.0,0.0,0
1,51.0,149,0,0,356.4,9.1,40.39,111.0,9.0,3.0,0.0,0
0,30.0,165,0,0,364.35,3.000000000000001,41.29,126.0,0.0,1.5,1.0,0
1,37.0,83,1,0,407.25,11.7,46.16,105.0,4.0,4.0,1.0,0
1,42.0,24,0,0,398.4,11.1,45.15,105.0,6.0,3.0,2.0,0
1,36.0,107,1,0,351.15,10.0,39.8,100.0,3.0,3.0,1.0,0
1,46.0,62,0,1,279.6,11.1,31.69,103.0,3.0,3.0,2.0,0
0,39.0,100,0,0,160.5,12.8,18.19,74.0,3.0,4.0,3.5,0
1,23.0,122,1,1,324.6,12.7,36.79,99.0,4.0,4.0,1.0,0
1,27.0,153,0,0,277.95,15.1,31.5,124.0,3.0,5.0,1.0,0
1,44.0,2,1,0,198.15,9.1,22.46,119.0,1.0,3.0,2.0,0
0,41.0,130,0,0,102.6,10.4,11.63,139.0,4.0,3.0,0.0,0
0,36.0,109,0,0,333.3,10.9,37.77,88.0,5.0,3.0,1.0,0
1,59.5,93,1,1,281.25,12.1,31.88,127.0,4.0,4.0,1.0,0
0,27.0,91,0,1,348.6,12.3,39.51,128.0,3.0,4.0,3.0,0
0,33.0,115,0,1,213.15,9.6,24.16,114.0,4.0,3.0,1.0,0
1,33.0,156,0,0,185.55,13.1,21.03,82.0,4.0,4.0,1.0,0
0,33.0,73,0,0,319.5,13.5,36.21,89.0,3.0,4.0,0.0,0
0,57.0,128,0,1,334.35,10.8,37.89,101.0,4.0,3.0,0.0,0
0,59.0,135,0,0,395.7,8.4,44.85,112.0,2.0,3.0,3.5,0
0,34.0,115,1,0,374.85,15.3,42.48,121.0,6.0,5.0,1.0,0
0,32.0,3,0,1,101.1,11.4,11.46,93.0,2.0,4.0,2.0,0
1,37.0,66,0,1,160.05,12.1,18.14,117.0,2.0,4.0,1.0,0
1,36.0,161,0,0,332.55,6.5,37.69,113.0,4.0,2.0,3.0,0
0,26.0,149,0,0,103.65,6.3,11.75,53.0,3.0,2.0,1.0,0
1,38.0,140,0,0,224.7,8.1,25.47,124.0,2.0,3.0,1.0,0
1,39.0,120,0,1,359.1,7.7,40.7,132.0,3.0,3.0,0.0,0
0,39.0,111,0,1,308.25,14.0,34.94,95.0,4.0,4.0,1.0,0
0,48.0,136,0,1,135.6,13.1,15.37,115.0,4.0,4.0,0.0,0
0,42.0,129,1,0,401.1,5.9,45.46,146.0,4.0,2.0,1.0,0
0,47.0,152,0,0,151.8,7.5,17.2,124.0,3.0,3.0,2.0,0
0,54.0,79,0,0,62.85,11.4,7.12,55.0,5.0,4.0,1.0,0
1,31.0,144,0,1,377.4,12.2,42.77,97.0,3.0,4.0,2.0,0
1,24.0,91,0,0,231.6,11.7,26.25,81.0,4.0,4.0,3.5,0
1,36.0,80,0,0,299.7,5.5,33.97,94.0,4.0,2.0,1.0,0
1,35.0,58,1,1,214.2,8.9,24.28,105.0,4.0,3.0,1.0,0
1,41.0,126,0,0,384.75,7.0,43.61,122.0,5.0,2.0,3.0,0
1,45.0,117,0,1,331.95,4.4,37.62,87.0,4.0,2.0,0.0,0
1,42.0,87,0,0,284.25,13.4,32.22,93.0,3.0,4.0,1.0,0
0,37.0,93,0,0,407.4,10.9,46.17,121.0,3.0,3.0,2.0,0
0,34.0,106,0,0,311.85,14.4,35.34,143.0,7.0,4.0,3.5,0
1,35.0,121,0,0,255.6,11.2,28.97,87.0,3.0,4.0,0.0,0
1,42.0,139,0,0,201.6,10.2,22.85,125.0,2.0,3.0,3.5,0
0,24.0,132,0,0,176.4,8.8,19.99,94.0,5.0,3.0,1.0,0
0,41.0,88,0,0,303.3,11.8,34.37,99.0,2.0,4.0,2.0,0
1,36.0,74,1,0,188.7,14.1,21.39,143.0,4.0,4.0,1.0,0
1,21.0,150,0,0,268.35,13.8,30.41,100.0,3.0,4.0,3.5,0
1,32.0,78,0,0,224.55,9.7,25.45,126.0,8.0,3.0,0.0,0
1,32.0,87,0,0,166.35,6.2,18.85,131.0,5.0,2.0,1.0,0
1,38.0,86,0,1,235.8,8.4,26.72,109.0,5.0,3.0,3.0,0
1,33.0,87,0,0,257.4,13.8,29.17,114.0,4.0,4.0,0.0,0
0,37.0,30,0,0,254.85,11.4,28.88,93.0,7.0,4.0,1.0,0
1,28.0,159,1,0,385.65,8.8,43.71,82.0,6.0,3.0,1.0,0
0,30.0,134,0,1,214.35,10.8,24.29,96.0,6.0,3.0,1.0,0
0,41.0,181,1,0,241.95,14.1,27.42,98.0,3.0,4.0,0.0,0
1,30.0,164,0,0,240.9,9.0,27.3,112.0,3.0,3.0,1.0,0
1,24.0,67,0,1,368.1,7.5,41.72,136.0,6.0,3.0,1.0,0
1,30.0,153,0,1,353.4,15.4,40.05,103.0,9.0,5.0,0.0,0
0,38.0,75,0,0,175.95,12.2,19.94,82.0,3.0,4.0,1.0,0
1,34.0,125,0,0,273.45,11.6,30.99,96.0,7.0,4.0,2.0,0
1,38.0,30,0,0,217.5,7.1,24.65,134.0,4.0,2.0,3.0,0
1,57.0,124,1,0,366.9,11.3,41.58,114.0,4.0,4.0,1.0,0
0,48.0,82,0,1,245.7,8.8,27.85,95.0,2.0,3.0,2.0,0
1,35.0,174,0,0,288.15,11.4,32.66,54.0,4.0,4.0,1.0,0
1,59.5,56,0,0,295.5,10.6,33.49,91.0,6.0,3.0,2.0,0
1,27.0,94,0,0,265.65,5.9,30.11,108.0,4.0,2.0,1.0,0
0,37.0,56,0,0,339.0,6.9,38.42,142.0,10.5,2.0,1.0,0
1,35.0,90,0,0,268.8,9.2,30.46,58.0,6.0,3.0,2.0,0
0,37.0,56,0,0,136.65,11.9,15.49,89.0,8.0,4.0,2.0,0
0,58.0,107,0,0,184.65,9.3,20.93,82.0,5.0,3.0,0.0,0
0,23.0,80,0,0,297.15,9.3,33.68,76.0,3.0,3.0,3.0,0
0,52.0,117,0,1,324.0,11.8,36.72,112.0,4.0,4.0,0.0,0
0,24.0,55,0,1,333.75,9.7,37.83,114.0,2.0,3.0,1.0,0
1,31.0,177,0,0,127.35,7.5,14.43,66.0,5.0,3.0,2.0,0
1,43.0,110,0,0,111.75,9.8,12.67,101.0,7.0,3.0,3.0,0
0,41.0,148,0,1,313.8,16.5,35.56,105.0,4.0,5.0,2.0,0
1,42.0,74,0,0,300.6,10.0,34.07,118.0,2.0,3.0,1.0,0
1,39.0,163,0,1,329.4,13.8,37.33,88.0,8.0,4.0,2.0,0
1,45.0,118,0,0,379.8,9.7,43.04,108.0,7.0,3.0,2.0,0
1,45.0,98,0,0,407.1,11.1,46.14,118.0,6.0,3.0,3.5,0
0,42.0,81,0,0,230.25,6.3,26.1,86.0,2.0,2.0,2.0,0
1,39.0,81,0,0,249.3,13.2,28.25,68.0,2.0,4.0,3.5,0
1,20.0,193,0,0,145.2,10.9,16.46,115.0,5.0,3.0,2.0,0
0,46.0,128,0,1,213.45,16.0,24.19,81.0,6.0,5.0,1.0,0
1,57.0,151,0,0,268.05,9.8,30.38,101.0,4.0,3.0,0.0,0
0,50.0,78,0,0,243.45,10.1,27.59,100.0,3.0,3.0,2.0,0
0,45.0,148,0,0,186.6,11.3,21.15,99.0,6.0,4.0,0.0,0
0,38.0,100,0,0,353.7,7.3,40.09,122.0,1.0,2.0,2.0,0
1,33.0,171,0,1,334.8,10.2,37.94,90.0,3.0,3.0,3.0,0
1,33.0,139,0,0,354.9,11.1,40.22,118.0,2.0,3.0,1.0,0
0,40.0,123,0,0,238.65,6.5,27.05,120.0,1.0,2.0,1.0,0
1,31.0,132,0,1,302.85,13.7,34.32,92.0,5.0,4.0,0.0,0
0,59.5,66,0,0,250.95,10.6,28.44,118.0,5.0,3.0,1.0,0
1,39.0,132,0,0,244.8,6.2,27.74,90.0,10.0,2.0,1.0,0
1,40.0,49,0,0,179.1,12.4,20.3,153.0,7.0,4.0,2.0,0
1,40.0,208,0,0,156.9,6.5,17.78,67.0,8.0,2.0,2.0,0
0,34.0,68,0,0,374.85,8.9,42.48,98.0,6.0,3.0,2.0,0
1,43.0,111,0,0,198.9,12.7,22.54,101.0,2.0,4.0,3.5,0
1,35.0,76,0,0,254.25,10.0,28.82,92.0,3.0,3.0,0.0,0
1,35.0,71,0,0,154.95,9.0,17.56,98.0,2.0,3.0,2.0,0
1,30.0,74,0,0,244.05,8.7,27.66,80.0,6.0,3.0,0.0,0
0,42.0,86,0,1,332.4,9.0,37.67,105.0,2.0,3.0,1.0,0
1,38.0,123,0,0,193.05,10.8,21.88,132.0,5.0,3.0,0.0,0
1,40.0,1,0,1,274.65,8.4,31.13,110.0,2.0,3.0,0.0,0
0,26.0,101,0,0,262.35,8.5,29.73,93.0,5.0,3.0,1.0,0
1,49.0,92,0,1,251.1,11.2,28.46,110.0,3.0,4.0,3.5,0
0,59.5,119,0,0,390.15,10.0,44.22,89.0,2.0,3.0,1.0,0
0,38.0,150,0,1,261.6,11.0,29.65,130.0,4.0,3.0,1.0,0
1,52.0,91,0,1,243.45,9.2,27.59,94.0,4.0,3.0,0.0,0
1,32.0,36,0,0,303.6,10.2,34.41,127.0,2.0,3.0,3.0,0
0,34.0,13,0,0,289.8,9.7,32.84,104.0,2.0,3.0,3.5,0
0,35.0,44,1,0,93.45,10.8,10.59,108.0,3.0,3.0,1.0,0
1,23.0,131,0,1,374.4,7.6,42.43,92.0,3.0,3.0,3.0,0
1,51.0,116,0,1,345.9,11.1,39.2,76.0,2.0,3.0,0.0,0
0,31.0,36,0,0,266.85,10.8,30.24,102.0,6.0,3.0,2.0,0
1,50.0,97,0,0,327.0,6.4,37.06,110.0,8.0,2.0,3.0,0
0,59.5,122,0,0,205.05,8.6,23.24,110.0,4.0,3.0,0.0,0
0,29.0,43,0,0,252.6,11.1,28.63,102.0,2.0,3.0,1.0,0
1,34.0,43,0,0,345.3,9.2,39.13,100.0,3.0,3.0,0.0,0
0,55.0,107,0,1,298.35,12.6,33.81,76.0,4.0,4.0,3.0,0
1,42.0,82,0,0,151.5,13.3,17.17,93.0,2.0,4.0,0.0,0
1,57.0,86,0,0,264.45,6.2,29.97,78.0,3.0,2.0,0.0,0
0,28.0,59,0,0,269.1,14.7,30.5,105.0,3.0,4.0,0.0,0
1,38.0,64,0,0,145.8,10.4,16.52,92.0,6.0,3.0,2.0,0
0,29.0,195,0,0,94.8,5.1,10.74,99.0,3.0,2.0,0.0,0
1,25.0,172,0,0,317.55,6.5,35.99,136.0,9.0,2.0,1.0,0
1,22.0,173,0,1,348.6,5.0,39.51,102.0,5.0,2.0,3.0,0
0,34.0,91,0,1,262.95,5.6,29.8,76.0,10.5,2.0,1.0,0
1,37.0,52,0,0,322.05,9.4,36.5,114.0,4.0,3.0,2.0,0
1,33.0,137,0,0,261.6,10.2,29.65,121.0,5.0,3.0,0.0,0
1,51.0,71,0,0,357.0,11.8,40.46,134.0,10.0,4.0,0.0,0
0,44.0,109,1,1,325.8,9.3,36.92,76.0,3.0,3.0,0.0,0
0,43.0,89,0,0,295.65,12.8,33.51,106.0,3.0,4.0,1.0,0
1,25.0,64,0,1,231.9,13.3,26.28,99.0,3.0,4.0,1.0,0
1,31.0,133,0,0,331.65,8.4,37.59,84.0,3.0,3.0,3.5,0
0,40.0,123,0,0,157.5,14.9,17.85,93.0,5.0,5.0,0.0,0
0,34.0,46,0,0,315.3,13.1,35.73,116.0,7.0,4.0,1.0,0
1,28.0,101,0,0,286.05,8.8,32.42,111.0,8.0,3.0,1.0,0
0,33.0,142,1,1,286.65,9.8,32.49,60.0,3.0,3.0,0.0,0
0,44.0,133,1,0,382.05,8.0,43.3,103.0,3.0,3.0,0.0,0
1,33.0,101,0,0,358.5,13.5,40.63,93.0,8.0,4.0,1.0,0
1,34.0,122,0,0,60.46875000000003,12.7,6.857499999999998,58.0,2.0,4.0,1.0,0
1,26.0,62,1,0,239.55,13.9,27.15,105.0,6.0,4.0,0.0,0
1,29.0,86,0,0,257.7,9.7,29.21,108.0,5.0,3.0,1.0,0
1,44.0,121,0,0,272.25,8.5,30.86,103.0,5.0,3.0,1.0,0
0,37.0,100,0,1,369.9,13.0,41.92,109.0,5.0,4.0,1.0,0
1,30.0,95,0,1,248.55,9.8,28.17,91.0,6.0,3.0,0.0,0
0,22.0,106,1,1,405.45,14.4,45.95,133.0,7.0,4.0,1.0,0
0,37.0,81,0,1,315.6,9.7,35.77,120.0,4.0,3.0,0.0,0
1,59.5,184,0,0,354.6,13.8,40.19,94.0,4.0,4.0,1.0,0
0,51.0,135,1,1,259.65,14.6,29.43,78.0,10.5,4.0,0.0,0
1,46.0,90,0,0,114.15,10.8,12.94,89.0,3.0,3.0,0.0,0
1,34.0,168,0,0,193.2,11.2,21.9,128.0,2.0,4.0,1.0,0
0,33.0,36,0,1,229.2,9.1,25.98,74.0,2.0,3.0,1.0,0
0,40.0,102,0,0,261.75,8.5,29.67,110.0,5.0,3.0,0.0,0
0,34.0,120,0,1,300.45,10.5,34.05,116.0,4.0,3.0,0.0,0
0,40.0,63,1,1,298.5,11.0,33.83,92.0,6.0,3.0,1.0,0
0,31.0,77,0,0,358.8,10.3,40.66,81.0,2.0,3.0,3.5,0
1,57.0,47,0,1,245.25,7.8,27.8,87.0,4.0,3.0,2.0,0
1,40.0,98,0,1,241.8,4.4,27.4,92.0,8.0,2.0,3.5,0
1,49.0,21,0,0,219.0,6.8,24.82,108.0,7.0,2.0,0.0,0
0,40.0,105,0,0,369.6,3.8,41.89,151.0,4.0,2.0,0.0,0
0,41.0,74,0,0,423.75,9.4,48.03,115.0,4.0,3.0,1.0,0
1,41.0,145,0,0,281.85,4.8,31.94,108.0,4.0,2.0,2.0,0
0,38.0,132,0,1,261.75,10.3,29.67,76.0,9.0,3.0,1.0,0
1,37.0,64,0,0,243.9,14.2,27.64,122.0,3.0,4.0,1.0,0
0,26.0,51,0,0,322.2,10.2,36.52,66.0,5.0,3.0,0.0,0
0,38.0,157,0,0,414.3,3.000000000000001,46.95,79.0,4.0,1.5,3.0,0
1,32.0,109,1,0,402.6,9.7,45.63,84.0,8.0,3.0,2.0,0
1,55.0,55,1,0,331.5,9.7,37.57,117.0,4.0,3.0,1.0,0
0,45.0,89,0,1,322.65,10.6,36.57,117.0,10.0,3.0,1.0,0
0,42.0,65,0,0,204.15,4.4,23.14,104.0,2.0,2.0,1.0,0
0,26.0,105,0,1,290.25,8.5,32.9,111.0,5.0,3.0,0.0,0
0,44.0,108,0,0,267.45,14.6,30.31,102.0,5.0,4.0,0.0,0
0,59.5,88,1,0,352.65,7.2,39.97,76.0,2.0,2.0,3.5,0
1,47.0,101,0,1,178.35,8.2,20.21,111.0,5.0,3.0,2.0,0
1,28.0,59,0,0,161.7,9.9,18.33,92.0,3.0,3.0,2.0,0
1,48.0,154,0,0,250.35,7.2,28.37,89.0,5.0,2.0,0.0,0
1,33.0,27,0,0,266.4,7.6,30.19,106.0,3.0,3.0,3.0,0
1,53.0,118,0,0,401.7,14.4,45.53,91.0,10.5,4.0,3.5,0
1,35.0,96,0,1,373.2,10.3,42.3,102.0,2.0,3.0,3.0,0
0,34.0,93,0,0,399.0,13.1,45.22,63.0,6.0,4.0,3.0,0
1,49.0,103,0,0,395.1,10.3,44.78,112.0,2.0,3.0,0.0,0
0,34.0,108,0,0,207.9,9.8,23.56,92.0,3.0,3.0,1.0,0
0,23.0,197,0,0,232.2,10.6,26.32,86.0,2.0,3.0,3.0,0
1,37.0,25,0,0,201.45,12.6,22.83,100.0,5.0,4.0,2.0,0
1,33.0,158,0,0,237.0,9.1,26.86,89.0,4.0,3.0,1.0,0
0,46.0,118,0,1,177.15,16.9,20.08,73.0,2.0,5.0,1.0,0
1,46.0,17,0,1,229.65,10.0,26.03,102.0,1.0,3.0,3.5,0
0,29.0,95,0,1,393.3,10.6,44.57,57.0,5.0,3.0,0.0,0
1,40.0,129,0,0,147.0,10.5,16.66,123.0,4.0,3.0,0.0,0
0,55.0,116,0,0,284.25,13.1,32.22,83.0,2.0,4.0,1.0,0
1,22.0,35,0,0,186.3,13.1,21.11,100.0,8.0,4.0,2.0,0
0,41.0,31,0,1,315.75,11.5,35.79,125.0,2.0,4.0,1.0,0
0,33.0,94,0,0,272.25,6.6,30.86,114.0,5.0,2.0,1.0,0
1,41.0,147,0,0,232.65,10.6,26.37,133.0,4.0,3.0,0.0,0
0,26.0,70,1,0,340.05,17.4,38.54,93.0,4.0,5.0,2.0,0
1,36.0,161,1,0,234.15,11.1,26.54,115.0,9.0,3.0,2.0,0
1,34.0,92,0,0,264.45,9.6,29.97,107.0,1.0,3.0,2.0,0
1,34.0,38,0,0,291.6,10.8,33.05,90.0,5.0,3.0,3.0,0
1,24.0,87,1,0,201.3,10.7,22.81,102.0,5.0,3.0,0.0,0
0,31.0,176,0,0,71.1,10.5,8.06,107.0,8.0,3.0,2.0,0
0,27.0,114,0,1,464.85,14.2,52.68,105.0,2.0,4.0,1.0,0
0,22.0,87,0,0,204.45,7.1,23.17,101.0,5.0,2.0,0.0,0
0,41.0,127,0,1,259.5,4.8,29.41,99.0,3.0,2.0,0.0,0
1,25.0,90,0,0,305.1,7.3,34.58,105.0,4.0,2.0,1.0,0
1,36.0,80,0,0,186.45,7.9,21.13,62.0,9.0,3.0,1.0,0
0,20.0,53,0,0,253.2,10.9,28.7,113.0,2.0,3.0,0.0,0
0,31.0,72,0,0,297.6,13.1,33.73,125.0,4.0,4.0,0.0,0
1,31.0,41,0,1,310.95,5.9,35.24,74.0,3.0,2.0,1.0,0
0,39.0,115,0,0,221.85,9.6,25.14,90.0,9.0,3.0,3.0,0
0,38.0,165,0,0,311.55,7.9,35.31,91.0,3.0,3.0,0.0,0
1,39.0,163,0,0,295.5,9.1,33.49,80.0,10.0,3.0,1.0,0
0,39.0,84,0,0,272.25,8.5,30.86,118.0,4.0,3.0,1.0,0
0,42.0,199,0,1,345.9,8.0,39.2,94.0,2.0,3.0,0.0,0
0,35.0,24,0,1,354.45,7.2,40.17,105.0,2.0,2.0,3.0,0
0,37.0,82,0,0,215.55,7.8,24.43,95.0,5.0,3.0,1.0,0
0,44.0,76,0,0,194.55,7.5,22.05,87.0,3.0,3.0,3.5,0
0,43.0,190,0,0,226.35,14.7,25.65,73.0,1.0,4.0,1.0,0
1,56.0,60,0,0,304.8,15.1,34.54,112.0,6.0,5.0,2.0,0
0,23.0,179,0,0,351.75,6.1,39.87,72.0,4.0,2.0,1.0,0
1,42.0,130,0,0,233.85,11.7,26.5,103.0,3.0,4.0,3.0,0
0,35.0,104,0,0,417.6,9.8,47.33,137.0,5.0,3.0,1.0,0
1,37.0,50,0,0,452.55,10.5,51.29,89.0,6.0,3.0,1.0,0
1,46.0,93,0,0,227.1,10.9,25.74,120.0,3.0,3.0,0.0,0
1,50.0,170,1,0,389.85,8.4,44.18,121.0,3.0,3.0,3.0,0
1,37.0,66,0,0,301.95,7.5,34.22,101.0,4.0,3.0,1.0,0
1,59.5,148,1,0,328.35,11.1,37.21,99.0,4.0,3.0,0.0,0
1,34.0,101,0,0,140.7,10.7,15.95,116.0,2.0,3.0,1.0,0
0,54.0,130,0,0,363.75,9.3,41.23,89.0,2.0,3.0,2.0,0
1,36.0,97,0,0,316.5,4.7,35.87,102.0,4.0,2.0,3.0,0
0,56.0,96,0,0,147.3,7.6,16.69,120.0,1.0,3.0,2.0,0
0,32.0,59,0,0,227.7,11.9,25.81,86.0,5.0,4.0,1.0,0
1,37.0,79,0,0,216.0,13.0,24.48,129.0,4.0,4.0,1.0,0
1,52.0,47,0,1,294.9,12.9,33.42,118.0,4.0,4.0,2.0,0
1,52.0,117,0,0,216.9,7.4,24.58,113.0,9.0,2.0,2.0,0
0,34.0,96,0,1,259.05,10.3,29.36,86.0,5.0,3.0,3.5,0
1,37.0,127,1,0,363.3,13.9,41.17,96.0,5.0,4.0,2.0,0
0,33.0,67,0,1,142.5,10.0,16.15,114.0,2.0,3.0,2.0,0
1,35.0,90,0,0,322.35,11.8,36.53,78.0,2.0,4.0,2.0,0
1,38.0,86,0,0,225.75,9.0,25.59,96.0,2.0,3.0,1.0,0
0,42.0,100,0,1,230.55,15.9,26.13,104.0,5.0,5.0,1.0,0
0,59.5,132,0,0,309.3,10.2,35.05,122.0,6.0,3.0,1.0,0
1,36.0,130,0,0,244.2,7.2,27.68,140.0,3.0,2.0,1.0,0
1,52.0,134,0,0,307.95,5.0,34.9,107.0,9.0,2.0,1.0,0
0,38.0,130,0,0,264.45,11.3,29.97,123.0,5.0,4.0,1.0,0
1,44.0,52,0,0,287.85,7.8,32.62,87.0,5.0,3.0,3.0,0
0,36.0,154,0,1,288.45,9.0,32.69,74.0,1.0,3.0,2.0,0
0,37.0,88,0,0,207.45,9.6,23.51,110.0,4.0,3.0,3.0,0
1,43.0,71,0,1,212.1,5.6,24.04,99.0,3.0,2.0,2.0,0
1,32.0,100,0,0,213.75,7.8,24.23,117.0,8.0,3.0,2.0,0
0,59.5,122,1,0,346.35,11.0,39.25,57.0,2.0,3.0,0.0,0
0,58.0,85,0,1,294.6,13.8,33.39,75.0,4.0,4.0,1.0,0
1,26.0,129,1,0,289.35,10.9,32.79,130.0,4.0,3.0,1.0,0
1,21.0,150,0,0,189.0,10.2,21.42,100.0,6.0,3.0,3.0,0
0,45.0,110,0,0,334.05,13.5,37.86,78.0,4.0,4.0,1.0,0
0,32.0,59,0,1,181.35,8.5,20.55,116.0,5.0,3.0,2.0,0
0,35.0,135,0,1,295.65,14.6,33.51,135.0,5.0,4.0,2.0,0
0,36.0,43,0,0,126.3,10.8,14.31,79.0,2.0,3.0,1.0,0
1,56.0,64,1,1,190.8,8.1,21.62,109.0,10.5,3.0,0.0,0
1,40.0,104,0,0,208.05,10.0,23.58,74.0,3.0,3.0,0.0,0
1,31.0,149,1,1,190.35,8.8,21.57,77.0,3.0,3.0,3.5,0
1,33.0,113,0,1,236.7,8.7,26.83,100.0,2.0,3.0,3.5,0
0,33.0,71,1,0,267.3,13.6,30.29,111.0,3.0,4.0,3.0,0
1,33.0,93,0,0,212.55,10.2,24.09,71.0,3.0,3.0,0.0,0
1,30.0,124,0,0,225.45,12.5,25.55,62.0,4.0,4.0,2.0,0
0,35.0,113,0,1,307.5,10.2,34.85,59.0,5.0,3.0,2.0,0
1,51.0,93,0,1,205.2,12.5,23.26,95.0,3.0,4.0,2.0,0
1,50.0,121,0,1,327.3,7.5,37.09,118.0,7.0,3.0,3.0,0
0,30.0,97,1,0,355.35,7.3,40.27,120.0,2.0,2.0,0.0,0
1,46.0,171,0,0,346.8,12.3,39.3,124.0,1.0,4.0,1.0,0
0,36.0,105,1,0,410.85,10.9,46.56,90.0,7.0,3.0,1.0,0
1,41.0,82,0,1,232.8,10.7,26.38,68.0,3.0,3.0,1.0,0
1,44.0,145,0,0,298.8,7.6,33.86,135.0,3.0,3.0,1.0,0
1,33.0,91,0,0,238.5,10.1,27.03,73.0,4.0,3.0,0.0,0
1,31.0,107,0,0,235.65,12.1,26.71,138.0,6.0,4.0,1.0,0
1,32.0,98,0,1,320.55,10.7,36.33,73.0,5.0,3.0,2.0,0
0,39.0,116,0,0,239.1,9.7,27.1,71.0,2.0,3.0,3.5,0
0,43.0,13,0,1,397.95,12.9,45.1,117.0,1.0,4.0,1.0,0
1,24.0,32,0,0,346.35,6.3,39.25,53.0,2.0,2.0,0.0,0
1,29.0,107,0,0,333.45,12.1,37.79,117.0,4.0,4.0,1.0,0
1,31.0,48,0,0,450.6,7.2,51.07,94.0,5.0,2.0,2.0,0
0,34.0,95,0,0,104.1,8.9,11.8,102.0,5.0,3.0,0.0,0
0,38.0,155,0,0,248.1,8.9,28.12,108.0,4.0,3.0,3.0,0
1,32.0,58,0,0,224.1,14.9,25.4,108.0,3.0,5.0,1.0,0
0,28.0,162,0,1,276.75,12.3,31.37,106.0,6.0,4.0,0.0,0
0,37.0,51,0,0,344.55,9.6,39.05,128.0,1.0,3.0,1.0,0
1,40.0,69,0,0,275.1,9.0,31.18,94.0,5.0,3.0,3.0,0
0,30.0,127,1,1,143.85,10.4,16.3,132.0,3.0,3.0,1.0,0
0,37.0,89,0,0,134.25,12.3,15.22,116.0,1.0,4.0,3.0,0
0,53.0,54,1,0,321.15,10.1,36.4,75.0,3.0,3.0,1.0,0
1,41.0,83,0,0,346.95,12.4,39.32,106.0,2.0,4.0,3.0,0
0,32.0,130,0,0,186.45,3.5,21.13,83.0,6.0,1.5,0.0,0
1,24.0,104,1,0,240.6,12.6,27.27,90.0,5.0,4.0,3.5,0
0,54.0,124,0,1,377.1,7.5,42.74,121.0,5.0,3.0,1.0,0
1,59.5,161,0,0,267.15,8.5,30.28,78.0,2.0,3.0,1.0,0
0,45.0,72,0,0,163.65,8.3,18.55,84.0,6.0,3.0,0.0,0
0,38.0,54,0,0,239.7,9.7,27.17,70.0,7.0,3.0,2.0,0
0,40.0,87,0,0,352.2,9.5,39.92,93.0,5.0,3.0,1.0,0
1,59.5,85,0,0,333.45,11.0,37.79,75.0,2.0,3.0,3.0,0
0,26.0,90,0,0,308.55,12.5,34.97,104.0,6.0,4.0,2.0,0
1,45.0,84,0,0,325.65,9.4,36.91,120.0,4.0,3.0,1.0,0
1,59.5,117,0,0,286.65,12.0,32.49,118.0,4.0,4.0,2.0,0
0,49.0,141,0,1,281.25,10.5,31.88,105.0,5.0,3.0,3.0,0
1,31.0,74,0,0,337.8,9.1,38.28,95.0,2.0,3.0,2.0,0
1,34.0,110,1,1,401.85,8.3,45.54,106.0,2.0,3.0,1.0,0
1,26.0,81,1,0,375.9,7.8,42.6,131.0,5.0,3.0,1.0,0
1,37.0,89,0,1,245.25,7.5,27.8,147.0,5.0,3.0,2.0,0
0,41.0,96,0,1,225.0,8.5,25.5,55.0,3.0,3.0,1.0,0
0,42.0,78,0,0,211.05,11.7,23.92,107.0,5.0,4.0,0.0,0
1,31.0,123,0,0,258.3,8.7,29.27,101.0,4.0,3.0,1.0,0
1,57.0,131,1,1,439.35,13.8,49.79,127.0,7.0,4.0,3.5,0
0,42.0,55,0,0,179.55,4.6,20.35,113.0,2.0,2.0,2.0,0
1,54.0,106,0,0,334.5,7.1,37.91,107.0,10.5,2.0,0.0,0
1,37.0,108,0,1,414.9,9.8,47.02,95.0,6.0,3.0,2.0,0
1,25.0,129,0,0,297.6,9.2,33.73,101.0,2.0,3.0,2.0,0
0,21.0,92,0,0,236.55,13.8,26.81,99.0,3.0,4.0,1.0,0
1,37.0,133,1,0,190.95,10.3,21.64,88.0,3.0,3.0,1.0,0
1,35.0,62,0,0,181.05,13.1,20.52,99.0,6.0,4.0,3.5,0
1,29.0,95,0,0,291.9,3.8,33.08,92.0,2.0,2.0,3.0,0
0,52.0,105,0,0,320.1,9.5,36.28,93.0,6.0,3.0,1.0,0
0,32.0,36,0,1,422.1,9.0,47.84,113.0,6.0,3.0,2.0,0
1,40.0,123,0,0,239.25,12.0,27.12,120.0,4.0,4.0,0.0,0
0,34.0,92,0,1,233.1,8.0,26.42,118.0,4.0,3.0,3.0,0
1,35.0,86,0,1,106.35,11.1,12.05,105.0,5.0,3.0,3.0,0
0,32.0,106,0,0,247.95,8.5,28.1,93.0,3.0,3.0,2.0,0
0,46.0,74,0,1,231.15,10.9,26.2,57.0,9.0,3.0,2.0,0
0,33.0,121,0,0,226.05,9.2,25.62,116.0,10.5,3.0,1.0,0
1,46.0,146,1,0,306.6,10.5,34.75,114.0,6.0,3.0,3.0,0
0,34.0,121,1,0,251.55,13.4,28.51,115.0,1.0,4.0,3.0,0
0,24.0,128,1,1,335.25,9.4,38.0,101.0,2.0,3.0,2.0,0
0,34.0,115,0,0,367.8,7.2,41.68,74.0,8.0,2.0,0.0,0
0,30.0,140,0,0,169.2,16.3,19.18,85.0,6.0,5.0,0.0,0
1,28.0,117,1,1,294.0,3.7,33.32,120.0,5.0,1.5,1.0,0
0,36.0,82,0,0,278.7,5.7,31.59,104.0,7.0,2.0,3.5,0
0,55.0,70,0,0,348.15,3.000000000000001,39.46,112.0,0.0,1.5,3.0,0
0,38.0,82,0,0,188.55,12.9,21.37,103.0,2.0,4.0,1.0,0
0,40.0,86,0,1,391.8,12.7,44.4,101.0,5.0,4.0,2.0,0
1,26.0,70,0,0,157.05,15.8,17.8,110.0,7.0,5.0,3.0,0
1,36.0,93,0,0,228.6,6.6,25.91,120.0,5.0,2.0,3.0,0
1,33.0,104,0,0,255.9,6.1,29.0,131.0,1.0,2.0,1.0,0
1,35.0,47,0,1,168.3,10.6,19.07,105.0,2.0,3.0,0.0,0
1,28.0,102,0,1,187.95,6.3,21.3,68.0,2.0,2.0,3.0,0
0,44.0,51,0,0,272.25,10.3,30.86,119.0,2.0,3.0,1.0,0
1,33.0,43,0,0,268.95,8.0,30.48,114.0,5.0,3.0,0.0,0
1,26.0,81,0,0,392.1,8.0,44.44,96.0,6.0,3.0,1.0,0
0,24.0,147,0,1,381.3,13.8,43.21,125.0,7.0,4.0,3.5,0
1,57.0,84,0,0,238.5,12.3,27.03,101.0,5.0,4.0,1.0,0
0,48.0,126,0,0,242.1,5.1,27.44,78.0,2.0,2.0,0.0,0
1,40.0,79,0,0,220.5,8.4,24.99,107.0,9.0,3.0,1.0,0
0,43.0,124,0,0,236.25,9.6,26.78,98.0,4.0,3.0,3.0,0
1,31.0,176,0,0,334.8,10.1,37.94,80.0,2.0,3.0,3.0,0
1,26.0,98,0,0,60.46875000000003,6.8,6.857499999999998,88.0,1.0,2.0,3.5,0
1,34.0,75,0,1,263.7,5.3,29.89,134.0,4.0,2.0,3.5,0
1,44.0,118,1,0,335.1,6.3,37.98,118.0,6.0,2.0,0.0,0
0,28.0,73,0,0,288.3,9.4,32.67,87.0,6.0,3.0,1.0,0
1,23.0,86,0,0,188.25,8.9,21.34,110.0,8.0,3.0,1.0,0
1,45.0,141,0,0,190.35,8.0,21.57,128.0,2.0,3.0,1.0,0
1,36.0,33,0,1,236.1,13.9,26.76,79.0,10.5,4.0,3.5,0
0,37.0,95,0,0,305.1,13.7,34.58,105.0,3.0,4.0,2.0,0
0,28.0,115,1,0,183.0,10.8,20.74,124.0,2.0,3.0,2.0,0
1,37.0,83,0,1,117.75,11.8,13.35,102.0,4.0,4.0,1.0,0
1,36.0,130,0,0,265.35,9.5,30.07,69.0,2.0,3.0,1.0,0
0,25.0,82,0,0,300.45,7.1,34.05,60.0,1.0,2.0,3.5,0
1,40.0,77,0,0,367.8,7.5,41.68,91.0,4.0,3.0,0.0,0
0,28.0,124,0,1,216.75,12.0,24.57,82.0,7.0,4.0,2.0,0
0,37.0,74,0,0,233.55,8.1,26.47,97.0,4.0,3.0,0.0,0
1,21.0,90,0,0,169.8,14.1,19.24,124.0,4.0,4.0,3.0,0
0,30.0,117,0,1,157.35,7.7,17.83,104.0,6.0,3.0,3.0,0
0,59.5,32,0,0,256.8,10.2,29.1,64.0,7.0,3.0,1.0,0
0,33.0,99,0,0,333.6,12.0,37.81,81.0,8.0,4.0,2.0,0
1,38.0,103,0,0,307.35,10.4,34.83,106.0,3.0,3.0,3.5,0
0,49.0,83,0,1,142.5,11.2,16.15,79.0,2.0,4.0,0.0,0
0,40.0,98,0,0,189.45,9.4,21.47,135.0,2.0,3.0,3.0,0
1,36.0,92,0,0,295.5,10.8,33.49,105.0,4.0,3.0,1.0,0
1,40.0,161,0,1,327.75,7.3,37.15,121.0,4.0,2.0,1.0,0
0,25.0,85,0,0,318.45,7.7,36.09,116.0,3.0,3.0,0.0,0
0,38.0,128,1,0,367.8,10.7,41.68,116.0,5.0,3.0,0.0,0
1,42.0,80,0,0,224.7,10.9,25.47,75.0,7.0,3.0,2.0,0
0,56.0,93,1,0,197.1,11.1,22.34,103.0,2.0,3.0,1.0,0
0,34.0,146,0,0,283.95,7.4,32.18,83.0,3.0,2.0,0.0,0
1,40.0,113,0,0,225.15,11.0,25.52,105.0,3.0,3.0,2.0,0
1,44.0,54,0,0,201.45,14.7,22.83,68.0,4.0,4.0,3.0,0
0,40.0,51,0,0,296.7,8.9,33.63,134.0,5.0,3.0,1.0,0
1,44.0,149,0,1,298.35,14.3,33.81,76.0,9.0,4.0,1.0,0
0,32.0,113,0,0,290.7,10.6,32.95,67.0,6.0,3.0,1.0,0
1,39.0,86,0,1,149.85,9.8,16.98,90.0,7.0,3.0,2.0,0
0,27.0,126,0,0,263.1,10.6,29.82,93.0,1.0,3.0,0.0,0
1,36.0,66,0,1,281.7,12.0,31.93,113.0,3.0,4.0,2.0,0
0,38.0,94,1,0,364.8,7.2,41.34,99.0,4.0,2.0,3.5,0
1,39.0,125,0,0,252.9,10.9,28.66,92.0,7.0,3.0,0.0,0
1,42.0,153,0,1,327.75,9.4,37.15,105.0,6.0,3.0,0.0,0
0,38.0,101,0,1,216.15,14.5,24.5,107.0,3.0,4.0,1.0,0
1,33.0,85,0,0,315.45,11.2,35.75,82.0,7.0,4.0,1.0,0
0,48.0,124,0,0,289.5,15.3,32.81,104.0,3.0,5.0,1.0,0
0,47.0,79,0,1,396.45,6.3,44.93,92.0,3.0,2.0,3.5,0
0,59.5,148,0,1,367.35,15.2,41.63,91.0,4.0,5.0,2.0,0
0,29.0,70,0,0,297.9,10.6,33.76,105.0,6.0,3.0,2.0,0
0,59.5,62,0,0,373.05,13.2,42.28,78.0,2.0,4.0,1.0,0
1,59.0,176,0,0,376.35,9.6,42.65,85.0,6.0,3.0,2.0,0
0,39.0,106,0,0,238.05,10.2,26.98,103.0,4.0,3.0,1.0,0
1,31.0,84,0,0,286.5,6.5,32.47,79.0,4.0,2.0,0.0,0
0,54.0,130,0,0,310.65,12.4,35.21,100.0,2.0,4.0,1.0,0
0,35.0,125,0,1,301.95,5.4,34.22,104.0,3.0,2.0,1.0,0
0,44.0,110,0,0,222.75,12.4,25.25,112.0,3.0,4.0,1.0,0
1,29.0,116,0,1,290.1,11.4,32.88,98.0,3.0,4.0,3.5,0
1,30.0,131,0,0,166.35,15.8,18.85,114.0,9.0,5.0,1.0,0
0,33.0,76,0,0,305.4,8.4,34.61,97.0,3.0,3.0,0.0,0
1,30.0,110,0,0,224.7,11.7,25.47,119.0,4.0,4.0,2.0,0
0,50.0,117,0,0,242.4,13.8,27.47,111.0,2.0,4.0,1.0,0
1,58.0,111,0,0,213.45,12.8,24.19,94.0,9.0,4.0,2.0,0
1,37.0,122,0,1,262.35,13.5,29.73,116.0,3.0,4.0,1.0,0
1,39.0,90,0,1,278.4,11.1,31.55,120.0,5.0,3.0,2.0,0
0,24.0,121,0,1,355.65,10.1,40.31,85.0,5.0,3.0,3.5,0
1,26.0,167,0,0,311.4,14.1,35.29,98.0,5.0,4.0,0.0,0
1,34.0,70,0,0,334.2,3.000000000000001,37.88,122.0,0.0,1.5,1.0,0
1,46.0,155,0,0,276.9,7.8,31.38,122.0,1.0,3.0,1.0,0
0,40.0,44,0,0,342.15,9.9,38.78,77.0,5.0,3.0,2.0,0
0,58.0,61,0,0,390.0,9.0,44.2,70.0,3.0,3.0,1.0,0
0,44.0,141,0,0,323.4,12.4,36.65,107.0,6.0,4.0,1.0,0
0,30.0,95,1,1,205.2,10.3,23.26,67.0,9.0,3.0,3.5,0
1,39.0,142,0,0,280.5,7.4,31.79,127.0,5.0,2.0,2.0,0
0,40.0,99,1,0,295.8,9.9,33.52,99.0,6.0,3.0,3.5,0
1,33.0,60,0,1,287.7,12.8,32.61,62.0,3.0,4.0,2.0,0
1,46.0,78,0,0,289.65,10.2,32.83,119.0,1.0,3.0,0.0,0
1,28.0,100,0,0,371.7,6.9,42.13,125.0,2.0,2.0,1.0,0
1,44.0,97,0,1,252.6,8.5,28.63,95.0,7.0,3.0,0.0,0
0,36.0,106,0,0,192.9,11.4,21.86,113.0,2.0,4.0,0.0,0
1,59.0,60,0,0,268.95,13.5,30.48,98.0,6.0,4.0,1.0,0
1,39.0,78,0,0,337.65,14.6,38.27,102.0,2.0,4.0,0.0,0
1,31.0,96,0,1,275.1,10.5,31.18,93.0,5.0,3.0,1.0,0
0,32.0,155,0,0,244.5,15.1,27.71,109.0,4.0,5.0,2.0,0
1,29.0,118,0,1,434.25,9.5,49.22,88.0,4.0,3.0,1.0,0
0,35.0,90,0,1,142.2,11.4,16.12,65.0,5.0,4.0,1.0,0
1,30.0,123,0,0,310.35,7.7,35.17,136.0,2.0,3.0,3.0,0
1,24.0,141,0,0,124.8,10.7,14.14,79.0,7.0,3.0,1.0,0
0,49.0,80,0,0,241.65,10.6,27.39,116.0,4.0,3.0,1.0,0
0,59.5,52,0,1,256.35,4.1,29.05,124.0,5.0,2.0,2.0,0
0,25.0,140,0,0,194.4,9.4,22.03,124.0,10.0,3.0,3.0,0
1,49.0,64,0,1,342.9,9.0,38.86,124.0,1.0,3.0,3.0,0
0,42.0,54,0,1,310.35,9.2,35.17,120.0,1.0,3.0,3.0,0
0,34.0,30,0,1,326.1,6.6,36.96,104.0,3.0,2.0,0.0,0
0,31.0,36,0,1,219.45,14.5,24.87,109.0,6.0,4.0,0.0,0
0,35.0,27,0,0,301.8,8.4,34.2,91.0,3.0,3.0,2.0,0
0,39.0,64,0,1,141.6,4.5,16.05,89.0,4.0,2.0,0.0,0
0,35.0,79,0,1,155.55,14.8,17.63,102.0,4.0,4.0,2.0,0
1,58.0,107,0,1,421.65,11.2,47.79,128.0,9.0,4.0,1.0,0
0,41.0,84,0,0,195.3,14.0,22.13,74.0,6.0,4.0,2.0,0
1,38.0,112,0,0,325.65,9.4,36.91,91.0,3.0,3.0,2.0,0
1,45.0,112,0,0,408.75,16.4,46.33,94.0,5.0,5.0,3.0,0
1,24.0,84,0,0,285.3,9.8,32.33,102.0,6.0,3.0,2.0,0
1,35.0,28,0,0,281.7,10.6,31.93,124.0,5.0,3.0,0.0,0
1,24.0,74,0,0,281.55,9.1,31.91,94.0,5.0,3.0,0.0,0
0,39.0,99,0,1,324.0,9.3,36.72,100.0,4.0,3.0,2.0,0
1,43.0,169,0,0,268.8,9.9,30.46,92.0,6.0,3.0,2.0,0
1,25.0,94,1,0,255.15,8.7,28.92,78.0,4.0,3.0,1.0,0
1,52.0,12,1,0,325.05,9.8,36.84,110.0,4.0,3.0,2.0,0
0,40.0,80,0,0,314.85,8.8,35.68,119.0,4.0,3.0,2.0,0
0,41.0,87,0,1,123.9,9.5,14.04,88.0,1.0,3.0,3.0,0
1,41.0,55,1,0,287.85,14.3,32.62,101.0,6.0,4.0,1.0,0
1,32.0,144,0,0,92.4,8.2,10.47,99.0,7.0,3.0,3.5,0
0,42.0,94,0,0,245.25,12.6,27.8,82.0,5.0,4.0,1.0,0
0,28.0,115,0,1,232.8,4.5,26.38,100.0,4.0,2.0,0.0,0
1,30.0,96,0,0,296.55,10.5,33.61,67.0,3.0,3.0,3.0,0
1,35.0,51,1,1,203.7,12.3,23.09,98.0,7.0,4.0,2.0,0
1,50.0,173,0,0,437.7,9.9,49.61,119.0,2.0,3.0,0.0,0
0,59.5,99,0,0,239.55,8.4,27.15,114.0,3.0,3.0,1.0,0
1,32.0,82,1,0,313.2,12.4,35.5,86.0,6.0,4.0,3.0,0
1,41.0,107,0,1,242.4,13.7,27.47,103.0,3.0,4.0,1.0,0
0,43.0,155,0,0,325.05,10.8,36.84,106.0,1.0,3.0,2.0,0
1,35.0,135,0,1,410.1,12.3,46.48,112.0,6.0,4.0,1.0,0
0,33.0,66,0,0,231.0,9.5,26.18,100.0,3.0,3.0,3.5,0
1,34.0,52,0,1,293.55,5.3,33.27,94.0,3.0,2.0,2.0,0
1,46.0,113,0,1,270.6,8.4,30.67,124.0,2.0,3.0,1.0,0
0,45.0,42,0,0,276.75,8.8,31.37,91.0,3.0,3.0,2.0,0
1,31.0,193,0,1,186.0,12.3,21.08,129.0,3.0,4.0,1.0,0
1,59.5,133,0,0,243.15,12.2,27.56,78.0,5.0,4.0,1.0,0
1,52.0,80,1,1,238.95,11.9,27.08,82.0,5.0,4.0,1.0,0
0,34.0,59,0,1,199.65,6.8,22.63,103.0,3.0,2.0,1.0,0
1,36.0,172,0,0,323.55,7.1,36.67,83.0,1.0,2.0,3.0,0
1,28.0,73,0,0,321.3,5.9,36.41,112.0,8.0,2.0,0.0,0
1,32.0,208,0,0,248.4,11.8,28.15,77.0,3.0,4.0,1.0,0
1,18.0,120,0,0,225.9,6.4,25.6,123.0,2.0,2.0,1.0,0
1,38.0,137,0,0,216.0,12.3,24.48,93.0,2.0,4.0,0.0,0
0,45.0,122,0,1,406.2,11.8,46.04,104.0,8.0,4.0,3.5,0
0,32.0,70,0,0,313.05,8.0,35.48,122.0,3.0,3.0,2.0,0
0,39.0,126,0,1,279.3,9.6,31.65,139.0,3.0,3.0,2.0,0
1,36.0,128,0,0,187.8,17.4,21.28,111.0,2.0,5.5,0.0,0
1,59.5,104,0,0,274.35,5.5,31.09,104.0,4.0,2.0,2.0,0
1,31.0,148,0,0,129.45,11.3,14.67,91.0,4.0,4.0,1.0,0
0,38.0,142,0,1,359.7,9.5,40.77,106.0,4.0,3.0,0.0,0
1,59.5,155,0,0,272.1,11.3,30.84,122.0,3.0,4.0,3.0,0
1,51.0,26,0,0,351.75,3.5,39.87,94.0,6.0,1.5,3.0,0
0,48.0,77,0,0,254.1,3.000000000000001,28.8,89.0,7.0,1.5,1.0,0
1,23.0,63,0,0,213.75,7.5,24.23,120.0,2.0,3.0,2.0,0
1,59.5,68,0,0,243.15,11.0,27.56,87.0,9.0,3.0,3.5,0
0,36.0,97,0,0,227.4,14.7,25.77,112.0,4.0,4.0,1.0,0
1,30.0,112,0,0,167.85,14.1,19.02,79.0,3.0,4.0,3.5,0
0,42.0,63,0,1,60.46875000000003,8.6,6.857499999999998,101.0,7.0,3.0,1.0,0
0,38.0,83,0,0,268.2,8.6,30.4,65.0,4.0,3.0,3.0,0
0,38.0,148,0,1,140.4,17.4,15.91,84.0,5.0,5.0,1.0,0
1,41.0,70,0,0,255.3,15.0,28.93,76.0,2.0,5.0,1.0,0
0,41.0,107,0,1,240.45,5.6,27.25,109.0,1.0,2.0,1.0,0
0,31.0,117,1,0,250.65,14.1,28.41,132.0,7.0,4.0,2.0,0
0,45.0,16,0,0,314.25,8.8,35.62,102.0,4.0,3.0,1.0,0
1,39.0,112,0,1,332.4,11.3,37.67,108.0,3.0,4.0,1.0,0
0,48.0,87,0,1,395.7,8.5,44.85,109.0,3.0,3.0,3.0,0
0,32.0,67,0,0,251.7,8.4,28.53,71.0,10.5,3.0,1.0,0
0,31.0,81,0,0,275.4,12.2,31.21,99.0,6.0,4.0,3.0,0
1,42.0,133,0,0,415.95,12.8,47.14,103.0,4.0,4.0,2.0,0
0,27.0,90,0,0,290.55,12.7,32.93,60.0,3.0,4.0,1.0,0
0,34.0,21,0,1,203.85,9.5,23.1,89.0,7.0,3.0,3.5,0
1,26.0,107,0,1,90.0,11.1,10.2,106.0,3.0,3.0,0.0,0
0,40.0,78,1,0,355.2,9.5,40.26,77.0,2.0,3.0,1.0,0
1,41.0,172,0,0,258.75,5.9,29.33,113.0,6.0,2.0,0.0,0
0,37.0,9,0,1,321.15,10.1,36.4,117.0,3.0,3.0,1.0,0
0,37.0,83,0,0,332.1,9.8,37.64,100.0,5.0,3.0,3.0,0
0,27.0,63,0,1,322.35,8.2,36.53,139.0,5.0,3.0,0.0,0
0,40.0,125,0,0,210.15,8.0,23.82,77.0,2.0,3.0,1.0,0
1,38.0,85,0,0,191.85,12.5,21.74,76.0,5.0,4.0,0.0,0
0,59.5,125,0,0,197.7,7.7,22.41,119.0,6.0,3.0,2.0,0
0,33.0,68,0,1,123.75,4.8,14.03,114.0,4.0,2.0,3.0,0
1,43.0,116,0,0,296.85,12.0,33.64,145.0,6.0,4.0,1.0,0
1,59.5,73,0,0,382.2,15.0,43.32,102.0,7.0,5.0,2.0,0
1,35.0,160,0,1,246.9,15.2,27.98,131.0,4.0,5.0,1.0,0
0,33.0,85,0,0,355.35,11.4,40.27,78.0,7.0,4.0,2.0,0
0,28.0,135,1,1,191.55,5.8,21.71,84.0,4.0,2.0,2.0,0
0,38.0,93,0,1,201.3,11.8,22.81,90.0,2.0,4.0,3.5,0
0,35.0,112,0,0,392.1,11.6,44.44,90.0,2.0,4.0,1.0,0
1,29.0,91,0,1,254.7,10.9,28.87,92.0,4.0,3.0,1.0,0
1,35.0,128,0,0,222.75,6.8,25.25,114.0,2.0,2.0,1.0,0
0,30.0,126,0,1,230.1,12.8,26.08,97.0,4.0,4.0,3.5,0
1,42.0,103,0,1,130.8,10.9,14.82,80.0,5.0,3.0,3.5,0
1,36.0,123,0,0,310.35,8.3,35.17,60.0,2.0,3.0,3.0,0
0,29.0,30,0,0,243.45,9.1,27.59,89.0,4.0,3.0,2.0,0
1,32.0,121,0,0,154.95,10.7,17.56,113.0,3.0,3.0,0.0,0
0,37.0,124,0,0,267.6,12.0,30.33,91.0,2.0,4.0,0.0,0
0,31.0,32,0,0,247.2,14.8,28.02,108.0,2.0,4.0,2.0,0
0,31.0,67,0,0,323.25,8.6,36.64,106.0,6.0,3.0,1.0,0
0,37.0,68,0,0,320.85,8.4,36.36,97.0,3.0,3.0,1.0,0
0,30.0,36,1,1,295.2,17.4,33.46,126.0,6.0,5.5,0.0,0
1,35.0,128,0,1,256.8,14.0,29.1,93.0,6.0,4.0,1.0,0
0,46.0,68,0,0,239.25,11.4,27.12,76.0,3.0,4.0,1.0,0
1,43.0,11,0,1,285.9,6.0,32.4,80.0,3.0,2.0,3.0,0
0,42.0,12,0,0,374.4,11.8,42.43,90.0,3.0,4.0,1.0,0
1,33.0,81,1,0,341.1,11.9,38.66,113.0,3.0,4.0,0.0,0
1,45.0,81,1,0,224.1,17.4,25.4,97.0,3.0,5.0,3.0,0
1,35.0,52,0,0,323.85,5.2,36.7,130.0,2.0,2.0,1.0,0
1,35.0,70,0,0,194.85,14.3,22.08,93.0,3.0,4.0,1.0,0
1,38.0,88,0,0,288.0,7.5,32.64,125.0,5.0,3.0,1.0,0
0,28.0,115,0,0,276.15,7.5,31.3,106.0,6.0,3.0,2.0,0
1,29.0,134,0,0,312.45,12.6,35.41,86.0,3.0,4.0,1.0,0
0,52.0,208,0,0,248.1,8.7,28.12,93.0,3.0,3.0,0.0,0
0,47.0,136,1,0,298.8,11.8,33.86,105.0,7.0,4.0,1.0,0
0,27.0,76,0,1,240.15,9.5,27.22,102.0,4.0,3.0,3.0,0
1,28.0,126,0,0,481.95,8.0,54.62,106.0,4.0,3.0,1.0,0
1,45.0,144,0,0,209.4,15.0,23.73,75.0,4.0,5.0,2.0,0
1,45.0,106,0,0,320.85,12.2,36.36,124.0,5.0,4.0,3.0,0
1,41.0,74,0,0,346.35,9.7,39.25,101.0,2.0,3.0,3.0,0
0,39.0,143,0,0,258.45,13.0,29.29,119.0,4.0,4.0,2.0,0
0,40.0,41,0,0,215.4,8.6,24.41,110.0,3.0,3.0,1.0,0
0,29.0,30,0,0,206.4,5.8,23.39,126.0,10.0,2.0,3.0,0
0,39.0,208,0,0,167.1,5.5,18.94,106.0,6.0,2.0,3.0,0
1,33.0,90,0,0,153.0,11.4,17.34,105.0,3.0,4.0,2.0,0
0,49.0,139,0,0,294.0,9.8,33.32,92.0,1.0,3.0,3.0,0
0,25.0,174,0,0,186.45,15.5,21.13,115.0,5.0,5.0,3.0,0
1,26.0,16,0,0,262.05,10.5,29.7,80.0,8.0,3.0,3.5,0
0,39.0,46,0,0,386.1,13.4,43.76,107.0,5.0,4.0,2.0,0
1,53.0,126,1,1,193.95,9.6,21.98,102.0,7.0,3.0,1.0,0
1,31.0,92,0,1,364.65,12.1,41.33,104.0,2.0,4.0,2.0,0
1,39.0,22,0,1,298.65,4.2,33.85,91.0,1.0,2.0,1.0,0
1,38.0,105,1,1,331.05,13.2,37.52,100.0,6.0,4.0,1.0,0
1,40.0,91,0,0,304.65,12.0,34.53,129.0,3.0,4.0,3.0,0
0,36.0,119,0,0,207.45,13.5,23.51,98.0,6.0,4.0,3.0,0
1,42.0,135,0,0,359.85,5.9,40.78,118.0,3.0,2.0,2.0,0
0,37.0,98,0,1,417.45,9.7,47.31,46.5,5.0,3.0,0.0,0
0,31.0,63,0,0,230.25,6.5,26.1,85.0,5.0,2.0,2.0,0
1,36.0,60,0,0,330.9,6.8,37.5,129.0,3.0,2.0,1.0,0
1,35.0,131,0,0,164.25,6.6,18.62,108.0,7.0,2.0,1.0,0
0,35.0,119,0,0,265.2,7.5,30.06,77.0,10.5,3.0,1.0,0
1,44.0,82,0,0,215.85,11.1,24.46,94.0,2.0,3.0,1.0,0
1,38.0,86,0,0,339.45,13.0,38.47,92.0,3.0,4.0,3.5,0
1,45.0,64,1,0,354.3,13.2,40.15,97.0,2.0,4.0,2.0,0
0,43.0,160,0,0,124.05,10.9,14.06,54.0,9.0,3.0,0.0,0
1,38.0,69,1,0,419.7,8.4,47.57,118.0,10.0,3.0,2.0,0
0,59.5,108,0,1,247.65,10.9,28.07,114.0,4.0,3.0,1.0,0
0,27.0,105,0,0,309.3,9.0,35.05,91.0,3.0,3.0,1.0,0
1,37.0,67,0,1,194.4,14.5,22.03,93.0,5.0,4.0,1.0,0
1,30.0,95,1,0,248.25,11.5,28.14,89.0,2.0,4.0,1.0,0
1,22.0,71,0,0,296.85,6.7,33.64,56.0,5.0,2.0,3.0,0
1,36.0,147,0,0,314.1,11.3,35.6,123.0,3.0,4.0,2.0,0
1,40.0,45,0,1,203.7,7.9,23.09,92.0,6.0,3.0,2.0,0
0,38.0,66,0,0,307.65,9.2,34.87,95.0,6.0,3.0,2.0,0
1,36.0,88,0,0,397.2,14.8,45.02,115.0,2.0,4.0,1.0,0
1,53.0,45,0,0,311.4,12.4,35.29,125.0,10.5,4.0,1.0,0
1,52.0,162,0,0,106.05,9.1,12.02,82.0,3.0,3.0,3.5,0
1,36.0,99,0,1,301.05,9.1,34.12,102.0,5.0,3.0,1.0,0
1,38.0,35,0,0,158.4,8.7,17.95,77.0,3.0,3.0,0.0,0
0,26.0,41,0,1,359.7,7.3,40.77,100.0,1.0,2.0,2.0,0
1,51.0,13,0,1,473.4,12.1,53.65,123.0,3.0,4.0,3.0,0
0,47.0,93,0,0,268.95,11.5,30.48,131.0,6.0,4.0,3.0,0
1,33.0,46,0,0,321.15,8.2,36.4,113.0,3.0,3.0,2.0,0
1,22.0,105,0,1,152.85,12.9,17.32,77.0,2.0,4.0,0.0,0
0,34.0,48,0,0,297.3,5.1,33.69,73.0,5.0,2.0,1.0,0
1,42.0,90,0,0,268.65,10.6,30.45,91.0,7.0,3.0,3.0,0
0,36.0,92,1,1,421.65,7.5,47.79,76.0,3.0,3.0,0.0,0
1,38.0,75,0,1,177.75,13.4,20.15,99.0,3.0,4.0,2.0,0
0,41.0,85,0,1,424.8,6.3,48.14,80.0,1.0,2.0,3.5,0
0,35.0,143,0,0,313.65,14.0,35.55,90.0,6.0,4.0,0.0,0
1,40.0,157,0,0,331.05,11.5,37.52,113.0,7.0,4.0,3.5,0
1,48.0,127,0,0,359.7,11.3,40.77,110.0,5.0,4.0,1.0,0
1,41.0,149,0,0,326.55,9.6,37.01,99.0,3.0,3.0,3.0,0
0,25.0,117,0,0,272.25,14.7,30.86,82.0,9.0,4.0,2.0,0
1,30.0,92,1,0,93.9,10.4,10.64,80.0,2.0,3.0,1.0,0
0,46.0,99,0,0,218.4,10.9,24.75,83.0,5.0,3.0,1.0,0
0,35.0,67,1,1,271.65,16.9,30.79,106.0,4.0,5.0,0.0,0
0,28.0,146,0,0,254.25,9.0,28.82,115.0,7.0,3.0,2.0,0
1,32.0,111,0,0,264.6,11.2,29.99,138.0,2.0,4.0,0.0,0
0,35.0,163,0,0,286.95,12.8,32.52,121.0,4.0,4.0,1.0,0
1,31.0,48,0,1,258.0,8.0,29.24,96.0,5.0,3.0,1.0,0
1,36.0,69,0,0,342.3,10.7,38.79,60.0,5.0,3.0,3.0,0
0,37.0,52,0,1,195.15,13.5,22.12,87.0,5.0,4.0,2.0,0
0,35.0,97,0,0,414.15,8.9,46.94,73.0,4.0,3.0,0.0,0
1,46.0,135,0,1,302.1,12.9,34.24,131.0,4.0,4.0,2.0,0
1,43.0,20,0,0,285.0,6.3,32.3,102.0,6.0,2.0,0.0,0
0,27.0,44,0,0,360.45,10.6,40.85,106.0,2.0,3.0,1.0,0
1,30.0,136,0,1,214.65,11.4,24.33,120.0,5.0,4.0,2.0,0
0,38.0,141,0,1,278.1,8.0,31.52,107.0,3.0,3.0,3.5,0
1,30.0,120,0,0,247.5,8.3,28.05,86.0,8.0,3.0,1.0,0
1,38.0,51,0,0,274.65,7.0,31.13,121.0,3.0,2.0,1.0,0
1,34.0,132,0,0,125.1,7.6,14.18,114.0,5.0,3.0,1.0,0
0,27.0,50,0,0,283.35,11.6,32.11,124.0,8.0,4.0,3.0,0
1,28.0,63,0,0,88.35,9.4,10.01,88.0,3.0,3.0,1.0,0
0,59.5,208,0,0,189.0,7.6,21.42,102.0,3.0,3.0,1.0,0
1,32.0,92,0,1,201.0,9.7,22.78,118.0,4.0,3.0,0.0,0
0,38.0,73,0,0,273.45,17.4,30.99,113.0,5.0,5.0,1.0,0
0,27.0,71,0,1,274.8,11.9,31.14,109.0,6.0,4.0,1.0,0
1,30.0,114,0,1,187.8,12.9,21.28,89.0,3.0,4.0,1.0,0
1,38.0,98,1,0,60.46875000000003,7.7,6.857499999999998,88.0,9.0,3.0,1.0,0
0,22.0,86,0,0,125.25,12.6,14.2,75.0,3.0,4.0,0.0,0
1,27.0,40,0,0,173.55,9.3,19.67,91.0,6.0,3.0,1.0,0
0,29.0,78,0,0,313.35,12.8,35.51,120.0,7.0,4.0,0.0,0
0,46.0,108,0,0,168.0,4.1,19.04,93.0,4.0,2.0,3.5,0
1,56.0,159,0,0,283.65,10.4,32.15,106.0,5.0,3.0,1.0,0
0,42.0,101,0,1,300.15,15.5,34.02,90.0,4.0,5.0,0.0,0
1,59.5,54,0,0,315.75,8.5,35.79,53.0,5.0,3.0,1.0,0
1,42.0,153,0,0,293.1,11.6,33.22,97.0,6.0,4.0,1.0,0
1,26.0,121,0,1,290.7,5.9,32.95,95.0,4.0,2.0,0.0,0
0,49.0,103,0,1,181.5,7.7,20.57,76.0,4.0,3.0,2.0,0
1,34.0,72,0,0,311.7,13.1,35.33,124.0,4.0,4.0,0.0,0
0,43.0,97,0,0,254.55,12.8,28.85,83.0,6.0,4.0,3.0,0
0,39.0,105,0,0,154.2,13.2,17.48,113.0,5.0,4.0,2.0,0
1,40.0,197,1,0,190.95,13.7,21.64,95.0,5.0,4.0,3.5,0
1,54.0,169,0,0,151.2,9.5,17.14,95.0,2.0,3.0,0.0,0
1,42.0,68,0,1,264.0,14.7,29.92,71.0,7.0,4.0,1.0,0
1,47.0,97,0,0,169.05,6.5,19.16,76.0,5.0,2.0,1.0,0
1,36.0,75,0,0,339.15,10.3,38.44,98.0,5.0,3.0,1.0,0
0,38.0,112,0,0,255.6,11.6,28.97,100.0,4.0,4.0,1.0,0
1,32.0,78,0,0,208.8,11.8,23.66,125.0,3.0,4.0,3.0,0
0,39.0,76,0,0,306.3,10.5,34.71,105.0,2.0,3.0,0.0,0
1,51.0,120,0,1,230.25,10.2,26.1,94.0,7.0,3.0,3.5,0
0,45.0,165,0,0,231.3,10.9,26.21,99.0,4.0,3.0,3.5,0
1,37.0,124,0,0,277.2,10.5,31.42,95.0,6.0,3.0,1.0,0
1,41.0,107,0,0,200.7,8.9,22.75,115.0,4.0,3.0,0.0,0
0,22.0,126,0,0,343.05,11.8,38.88,100.0,4.0,4.0,1.0,0
1,45.0,138,0,0,255.75,11.2,28.99,111.0,7.0,4.0,2.0,0
0,42.0,116,0,0,206.1,12.4,23.36,64.0,2.0,4.0,3.0,0
0,35.0,100,0,1,88.2,7.1,10.0,118.0,3.0,2.0,0.0,0
0,33.0,84,0,0,207.9,7.8,23.56,137.0,4.0,3.0,0.0,0
1,31.0,155,0,0,393.6,8.3,44.61,85.0,6.0,3.0,2.0,0
1,43.0,121,0,0,311.85,7.7,35.34,114.0,2.0,3.0,2.0,0
0,37.0,123,0,0,316.5,9.8,35.87,104.0,7.0,3.0,3.0,0
1,32.0,129,0,1,307.5,11.7,34.85,81.0,8.0,4.0,1.0,0
0,53.0,129,0,0,209.25,13.1,23.72,97.0,8.0,4.0,0.0,0
0,41.0,158,0,0,334.2,6.9,37.88,106.0,2.0,2.0,2.0,0
0,26.0,75,0,1,196.35,12.4,22.25,68.0,4.0,4.0,1.0,0
1,29.0,115,0,0,429.6,6.9,48.69,141.0,6.0,2.0,1.0,0
1,38.0,111,0,0,265.35,10.5,30.07,84.0,2.0,3.0,3.5,0
0,20.0,61,0,0,296.55,7.0,33.61,93.0,3.0,2.0,2.0,0
1,44.0,42,0,0,294.75,4.0,33.41,105.0,7.0,2.0,0.0,0
1,38.0,54,0,0,429.9,11.5,48.72,107.0,5.0,4.0,1.0,0
1,52.0,96,0,1,391.95,11.3,44.42,97.0,2.0,4.0,1.0,0
0,35.0,126,0,0,317.4,7.8,35.97,60.0,1.0,3.0,1.0,0
1,37.0,112,0,0,252.9,9.8,28.66,110.0,5.0,3.0,1.0,0
1,48.0,87,0,0,355.8,11.0,40.32,81.0,3.0,3.0,1.0,0
1,25.0,125,0,0,205.65,8.6,23.31,114.0,4.0,3.0,1.0,0
0,38.0,59,0,0,232.8,8.7,26.38,80.0,4.0,3.0,1.0,0
0,36.0,129,0,0,482.11875,10.4,54.6375,83.0,6.0,3.0,0.0,0
0,39.0,121,0,0,286.05,9.8,32.42,103.0,4.0,3.0,3.0,0
0,40.0,32,0,0,236.85,12.8,26.84,102.0,3.0,4.0,1.0,0
0,36.0,116,0,0,251.7,7.3,28.53,128.0,4.0,2.0,2.0,0
0,32.0,110,0,0,243.0,8.9,27.54,99.0,8.0,3.0,0.0,0
1,35.0,36,0,1,224.1,6.7,25.4,87.0,2.0,2.0,0.0,0
1,43.0,81,0,0,263.25,10.2,29.84,98.0,3.0,3.0,1.0,0
1,35.0,66,0,1,286.2,8.9,32.44,108.0,6.0,3.0,0.0,0
0,27.0,64,0,1,273.15,10.6,30.96,86.0,5.0,3.0,2.0,0
1,56.0,143,0,0,178.65,12.2,20.25,100.0,4.0,4.0,0.0,0
1,44.0,70,0,0,349.2,12.9,39.58,104.0,7.0,4.0,0.0,0
0,28.0,138,1,0,69.75,9.6,7.91,95.0,4.0,3.0,3.5,0
1,27.0,65,0,0,316.95,13.2,35.92,118.0,5.0,4.0,3.0,0
0,31.0,85,0,0,389.7,5.4,44.17,72.0,1.0,2.0,0.0,0
0,36.0,159,0,1,170.85,11.8,19.36,137.0,9.0,4.0,1.0,0
1,43.0,85,0,0,145.05,9.7,16.44,88.0,3.0,3.0,2.0,0
1,42.0,98,0,0,244.2,6.0,27.68,104.0,3.0,2.0,2.0,0
1,44.0,131,0,0,317.7,10.8,36.01,96.0,7.0,3.0,0.0,0
1,59.5,75,0,0,184.2,10.7,20.88,91.0,2.0,3.0,2.0,0
1,32.0,110,0,0,197.85,7.1,22.42,105.0,4.0,2.0,1.0,0
0,25.0,77,0,0,213.45,9.9,24.19,82.0,1.0,3.0,1.0,0
0,49.0,158,0,0,303.0,10.4,34.34,84.0,6.0,3.0,1.0,0
1,35.0,155,0,1,274.95,5.1,31.16,90.0,7.0,2.0,1.0,0
1,40.0,87,0,1,215.25,11.2,24.4,69.0,5.0,4.0,0.0,0
0,50.0,116,0,0,288.15,7.9,32.66,94.0,2.0,3.0,3.0,0
0,28.0,149,0,0,310.95,8.6,35.24,83.0,4.0,3.0,1.0,0
1,38.0,86,0,0,285.75,10.1,32.39,89.0,5.0,3.0,3.0,0
0,25.0,146,0,1,303.75,7.8,34.43,77.0,2.0,3.0,1.0,0
1,40.0,179,0,0,328.8,6.1,37.26,104.0,5.0,2.0,0.0,0
1,29.0,106,0,0,267.6,9.6,30.33,105.0,2.0,3.0,0.0,0
1,30.0,134,0,0,304.05,12.1,34.46,108.0,7.0,4.0,0.0,0
1,49.0,68,0,0,197.4,10.2,22.37,107.0,5.0,3.0,3.0,0
0,46.0,59,0,0,225.3,12.1,25.53,128.0,2.0,4.0,1.0,0
1,42.0,60,0,0,379.05,12.4,42.96,100.0,4.0,4.0,2.0,0
1,40.0,29,1,1,352.5,5.7,39.95,106.0,7.0,2.0,2.0,0
1,56.0,100,0,0,106.2,9.5,12.04,125.0,1.0,3.0,3.5,0
0,20.0,185,1,1,231.15,12.9,26.2,105.0,3.0,4.0,2.0,0
0,30.0,100,1,0,102.75,12.1,11.65,99.0,9.0,4.0,0.0,0
0,24.0,185,0,1,284.7,7.5,32.27,126.0,3.0,3.0,1.0,0
0,43.0,157,0,1,288.9,6.8,32.74,139.0,5.0,2.0,3.0,0
0,42.0,158,0,0,331.35,6.4,37.55,75.0,5.0,2.0,0.0,0
0,37.0,86,0,1,338.1,12.9,38.32,112.0,3.0,4.0,1.0,0
0,35.0,41,0,1,291.6,17.2,33.05,115.0,9.0,5.0,2.0,0
0,28.0,72,0,1,144.9,6.2,16.42,117.0,4.0,2.0,3.5,0
1,28.0,101,1,0,290.55,11.6,32.93,100.0,8.0,4.0,0.0,0
1,47.0,157,0,0,336.75,11.5,38.17,118.0,2.0,4.0,2.0,0
0,36.0,93,0,1,176.85,9.8,20.04,86.0,3.0,3.0,1.0,0
0,33.0,75,0,0,249.45,6.1,28.27,80.0,5.0,2.0,1.0,0
0,54.0,136,0,0,213.45,6.0,24.19,75.0,10.5,2.0,2.0,0
1,33.0,136,0,0,138.0,10.3,15.64,90.0,10.0,3.0,1.0,0
1,42.0,45,0,1,137.55,7.7,15.59,103.0,5.0,3.0,1.0,0
1,47.0,101,0,1,181.65,10.1,20.59,75.0,6.0,3.0,0.0,0
1,49.0,67,0,0,269.7,10.9,30.57,97.0,4.0,3.0,0.0,0
0,39.0,91,1,1,140.25,9.9,15.9,133.0,3.0,3.0,0.0,0
1,46.0,87,1,0,250.95,11.0,28.44,88.0,6.0,3.0,1.0,0
0,47.0,68,0,0,334.2,11.0,37.88,111.0,3.0,3.0,3.0,0
0,36.0,88,0,1,329.25,16.1,37.32,92.0,5.0,5.0,1.0,0
1,59.0,55,0,0,283.5,17.1,32.13,87.0,6.0,5.0,0.0,0
1,50.0,86,0,0,335.85,7.3,38.06,143.0,9.0,2.0,1.0,0
1,32.0,73,0,0,321.45,10.8,36.43,92.0,10.5,3.0,1.0,0
0,46.0,208,0,0,125.4,10.7,14.21,110.0,9.0,3.0,0.0,0
0,31.0,105,0,0,173.25,13.3,19.64,90.0,5.0,4.0,3.0,0
1,35.0,62,0,0,239.85,5.6,27.18,109.0,4.0,2.0,1.0,0
1,50.0,111,0,0,148.95,9.0,16.88,94.0,6.0,3.0,3.0,0
0,48.0,46,0,0,187.2,8.6,21.22,72.0,4.0,3.0,2.0,0
1,56.0,117,1,0,81.3,8.6,9.21,84.0,2.0,3.0,1.0,0
0,43.0,136,0,0,375.3,13.0,42.53,114.0,2.0,4.0,1.0,0
0,37.0,113,0,0,193.05,9.2,21.88,135.0,4.0,3.0,2.0,0
0,25.0,75,0,0,471.9,5.7,53.48,100.0,3.0,2.0,2.0,0
0,30.0,139,0,0,289.2,13.0,32.78,101.0,3.0,4.0,3.0,0
1,58.0,113,0,0,323.25,6.6,36.64,91.0,9.0,2.0,3.5,0
0,32.0,158,0,0,314.85,8.2,35.68,93.0,3.0,3.0,1.0,0
1,32.0,94,0,0,351.6,3.000000000000001,39.85,121.0,2.0,1.5,1.0,0
1,33.0,11,0,1,197.25,10.0,22.36,87.0,3.0,3.0,2.0,0
1,29.0,132,0,0,287.85,12.6,32.62,88.0,2.0,4.0,1.0,0
1,39.0,41,0,0,314.85,9.6,35.68,104.0,4.0,3.0,1.0,0
1,53.0,74,0,0,159.6,11.4,18.09,81.0,3.0,4.0,1.0,0
1,42.0,37,0,0,350.55,12.0,39.73,101.0,2.0,4.0,2.0,0
0,35.0,130,0,1,212.85,8.7,24.12,101.0,5.0,3.0,0.0,0
1,29.0,128,0,0,293.4,16.0,33.25,76.0,2.0,5.0,0.0,0
1,37.0,118,1,1,230.7,9.2,26.15,103.0,6.0,3.0,1.0,0
1,31.0,50,0,0,387.15,11.7,43.88,110.0,5.0,4.0,1.0,0
0,33.0,99,0,1,131.55,7.3,14.91,112.0,4.0,2.0,2.0,0
0,28.0,76,0,0,449.25,13.7,50.92,134.0,4.0,4.0,0.0,0
1,27.0,107,1,0,410.25,11.0,46.5,67.0,9.0,3.0,2.0,0
0,29.0,83,0,0,341.85,12.1,38.74,100.0,5.0,4.0,1.0,0
1,57.0,96,1,0,300.9,11.2,34.1,95.0,5.0,4.0,2.0,0
0,46.0,98,0,0,309.75,12.4,35.11,115.0,5.0,4.0,3.5,0
1,43.0,63,0,1,228.3,12.3,25.87,103.0,5.0,4.0,1.0,0
0,51.0,104,0,0,351.3,9.8,39.81,79.0,6.0,3.0,0.0,0
1,29.0,123,0,0,171.6,11.0,19.45,102.0,3.0,3.0,0.0,0
1,45.0,88,0,0,98.1,13.8,11.12,113.0,1.0,4.0,2.0,0
0,44.0,131,0,1,234.9,13.4,26.62,120.0,10.0,4.0,1.0,0
1,59.5,137,0,0,345.3,10.7,39.13,111.0,7.0,3.0,3.5,0
0,42.0,20,0,1,257.25,7.1,29.16,125.0,3.0,2.0,0.0,0
1,54.0,13,0,0,87.6,11.9,9.93,115.0,5.0,4.0,1.0,0
1,25.0,168,0,1,263.85,7.3,29.9,81.0,5.0,2.0,2.0,0
1,38.0,92,1,0,196.05,9.4,22.22,98.0,2.0,3.0,2.0,0
0,29.0,147,1,0,235.5,7.1,26.69,96.0,6.0,2.0,0.0,0
0,37.0,142,0,1,356.1,9.2,40.36,110.0,3.0,3.0,3.0,0
0,40.0,70,0,0,263.1,11.6,29.82,96.0,4.0,4.0,0.0,0
0,52.0,141,0,0,240.15,7.0,27.22,107.0,1.0,2.0,2.0,0
0,31.0,95,0,0,403.5,7.3,45.73,61.0,4.0,2.0,2.0,0
0,31.0,13,0,0,219.6,11.3,24.89,96.0,3.0,4.0,1.0,0
1,36.0,37,0,0,309.0,8.4,35.02,86.0,10.5,3.0,0.0,0
1,38.0,78,0,0,346.5,9.5,39.27,120.0,3.0,3.0,1.0,0
1,38.0,105,0,0,210.9,6.8,23.9,83.0,3.0,2.0,2.0,0
0,32.0,68,1,0,222.75,14.5,25.25,121.0,7.0,4.0,1.0,0
0,59.5,142,0,1,231.0,10.8,26.18,83.0,5.0,3.0,1.0,0
1,32.0,77,0,0,284.25,9.2,32.22,91.0,7.0,3.0,0.0,0
1,33.0,101,0,0,230.7,11.6,26.15,77.0,2.0,4.0,3.5,0
1,42.0,56,0,0,226.35,11.7,25.65,115.0,5.0,4.0,3.0,0
1,31.0,112,0,1,170.55,10.0,19.33,118.0,3.0,3.0,2.0,0
1,41.0,98,0,0,109.2,10.5,12.38,110.0,4.0,3.0,3.0,0
1,38.0,79,0,0,392.55,6.0,44.49,83.0,3.0,2.0,3.0,0
0,44.0,83,0,0,202.2,7.7,22.92,123.0,5.0,3.0,2.0,0
1,50.0,15,1,0,212.1,8.1,24.04,88.0,3.0,3.0,2.0,0
1,30.0,182,0,0,264.15,9.7,29.94,134.0,4.0,3.0,1.0,0
0,51.0,167,1,0,367.2,10.7,41.62,110.0,3.0,3.0,2.0,0
0,48.0,98,0,0,247.5,12.5,28.05,94.0,7.0,4.0,1.0,0
0,38.0,119,0,0,238.65,8.8,27.05,91.0,3.0,3.0,3.5,0
1,59.5,77,0,1,224.1,10.1,25.4,84.0,6.0,3.0,1.0,0
0,59.0,162,0,0,330.9,10.5,37.5,89.0,10.5,3.0,1.0,0
0,57.0,96,0,0,146.4,11.6,16.59,105.0,9.0,4.0,1.0,0
1,30.0,43,0,0,265.8,12.7,30.12,144.0,2.0,4.0,3.5,0
0,46.0,109,0,0,243.9,11.5,27.64,118.0,4.0,4.0,0.0,0
1,58.0,61,0,1,381.6,10.5,43.25,91.0,4.0,3.0,0.0,0
0,18.0,64,0,0,218.25,8.9,24.74,91.0,8.0,3.0,1.0,0
0,37.0,47,0,1,211.95,7.8,24.02,84.0,2.0,3.0,1.0,0
1,42.0,80,0,0,222.9,10.0,25.26,86.0,2.0,3.0,2.0,0
1,24.0,66,0,0,60.46875000000003,11.5,6.857499999999998,120.0,3.0,4.0,0.0,0
0,42.0,73,0,1,291.6,11.5,33.05,110.0,3.0,4.0,0.0,0
0,27.0,116,0,1,402.9,11.6,45.66,106.0,3.0,4.0,2.0,0
0,59.5,134,0,0,265.8,8.9,30.12,113.0,3.0,3.0,2.0,0
1,39.0,46,0,0,246.3,8.1,27.91,119.0,1.0,3.0,1.0,0
1,33.0,83,0,0,482.11875,15.8,54.6375,114.0,7.0,5.0,0.0,0
0,59.5,79,0,0,331.35,12.2,37.55,74.0,2.0,4.0,1.0,0
0,47.0,75,0,0,214.8,11.9,24.34,96.0,9.0,4.0,1.0,0
1,34.0,87,0,1,361.2,7.1,40.94,115.0,3.0,2.0,2.0,0
0,22.0,95,0,0,251.4,13.4,28.49,113.0,6.0,4.0,2.0,0
0,34.0,43,1,0,377.25,9.3,42.76,67.0,4.0,3.0,0.0,0
1,31.0,112,0,1,274.8,9.7,31.14,95.0,3.0,3.0,0.0,0
0,36.0,127,1,0,265.35,7.7,30.07,138.0,2.0,3.0,1.0,0
0,36.0,59,0,0,249.45,10.0,28.27,108.0,3.0,3.0,2.0,0
1,42.0,62,0,0,273.45,11.2,30.99,131.0,1.0,4.0,2.0,0
1,32.0,145,0,1,386.55,11.1,43.81,86.0,4.0,3.0,2.0,0
0,35.0,122,0,0,444.6,11.4,50.39,107.0,3.0,4.0,3.5,0
1,58.0,95,0,0,262.8,7.5,29.78,95.0,2.0,3.0,1.0,0
1,40.0,100,0,0,305.7,12.5,34.65,83.0,3.0,4.0,0.0,0
1,34.0,48,0,1,228.0,15.7,25.84,109.0,5.0,5.0,2.0,0
1,49.0,111,0,1,249.3,11.2,28.25,92.0,2.0,4.0,3.0,0
1,29.0,107,1,0,199.95,12.9,22.66,123.0,2.0,4.0,3.0,0
1,50.0,104,0,1,420.3,13.3,47.63,102.0,3.0,4.0,3.5,0
0,45.0,125,0,0,305.1,11.0,34.58,113.0,4.0,3.0,1.0,0
1,55.0,85,1,0,295.8,8.3,33.52,133.0,4.0,3.0,3.5,0
1,37.0,111,0,0,337.35,10.3,38.23,97.0,3.0,3.0,0.0,0
1,59.5,128,0,1,268.95,8.6,30.48,78.0,7.0,3.0,0.0,0
1,28.0,72,0,0,177.3,12.2,20.09,106.0,3.0,4.0,3.0,0
1,33.0,67,0,0,302.1,7.0,34.24,119.0,3.0,2.0,0.0,0
0,42.0,182,0,0,103.65,6.5,11.75,96.0,4.0,2.0,0.0,0
1,44.0,103,0,1,167.7,6.9,19.01,81.0,4.0,2.0,1.0,0
0,34.0,114,0,0,127.05,14.5,14.4,95.0,8.0,4.0,1.0,0
1,45.0,159,0,0,413.7,7.4,46.89,93.0,5.0,2.0,2.0,0
1,41.0,146,0,1,231.0,8.2,26.18,107.0,4.0,3.0,3.0,0
1,51.0,60,1,1,398.85,14.0,45.2,82.0,10.5,4.0,0.0,0
0,35.0,88,0,0,327.3,8.0,37.09,99.0,1.0,3.0,1.0,0
0,57.0,100,0,0,282.75,15.2,32.05,88.0,5.0,5.0,2.0,0
1,35.0,111,0,0,344.1,10.4,39.0,95.0,6.0,3.0,3.5,0
1,38.0,79,0,0,333.45,8.9,37.79,82.0,4.0,3.0,3.0,0
0,46.0,111,0,0,165.6,7.7,18.77,105.0,6.0,3.0,2.0,0
1,52.0,85,0,0,248.7,10.9,28.19,116.0,3.0,3.0,3.5,0
1,30.0,111,0,0,321.45,12.0,36.43,98.0,2.0,4.0,1.0,0
1,42.0,137,0,0,365.1,12.2,41.38,104.0,5.0,4.0,0.0,0
1,40.0,137,0,0,211.65,8.0,23.99,75.0,7.0,3.0,2.0,0
1,34.0,166,0,0,272.1,11.6,30.84,94.0,6.0,4.0,1.0,0
1,26.0,70,0,0,89.25,11.1,10.12,86.0,6.0,3.0,0.0,0
0,36.0,108,0,1,243.15,9.6,27.56,76.0,3.0,3.0,3.5,0
0,48.0,87,0,0,346.95,13.0,39.32,136.0,6.0,4.0,1.0,0
0,39.0,93,0,1,207.15,6.8,23.48,115.0,3.0,2.0,2.0,0
1,29.0,77,0,0,345.0,11.3,39.1,136.0,3.0,4.0,2.0,0
0,31.0,23,0,0,285.3,15.0,32.33,73.0,4.0,5.0,3.5,0
1,44.0,86,0,0,192.45,12.2,21.81,152.0,5.0,4.0,3.5,0
1,50.0,96,0,0,255.75,12.2,28.99,117.0,6.0,4.0,1.0,0
1,21.0,96,0,0,270.9,10.3,30.7,125.0,4.0,3.0,1.0,0
0,48.0,77,0,1,203.85,11.5,23.1,74.0,3.0,4.0,3.5,0
0,22.0,140,0,0,180.45,7.7,20.45,74.0,3.0,3.0,3.5,0
1,48.0,136,1,0,299.4,11.0,33.93,84.0,4.0,3.0,3.0,0
1,31.0,99,0,0,218.4,11.4,24.75,86.0,7.0,4.0,1.0,0
1,39.0,174,0,0,209.1,10.0,23.7,107.0,5.0,3.0,2.0,0
0,58.0,90,0,1,225.15,5.8,25.52,97.0,4.0,2.0,1.0,0
0,59.5,6,0,0,275.4,10.2,31.21,79.0,2.0,3.0,1.0,0
1,41.0,75,0,1,245.4,13.1,27.81,115.0,3.0,4.0,3.0,0
0,21.0,50,0,0,235.65,6.1,26.71,111.0,2.0,2.0,1.0,0
1,30.0,161,0,1,360.6,16.1,40.87,112.0,6.0,5.0,0.0,0
0,49.0,123,0,1,328.05,15.0,37.18,116.0,1.0,5.0,0.0,0
1,28.0,166,0,0,260.85,15.3,29.56,113.0,5.0,5.0,0.0,0
0,39.0,93,0,0,147.6,14.2,16.73,114.0,4.0,4.0,1.0,0
1,42.0,139,0,0,247.5,12.6,28.05,128.0,8.0,4.0,1.0,0
1,35.0,48,0,1,317.55,12.2,35.99,80.0,1.0,4.0,1.0,0
0,38.0,95,0,1,370.5,10.5,41.99,90.0,4.0,3.0,3.0,0
0,36.0,91,0,0,326.85,10.6,37.04,110.0,2.0,3.0,1.0,0
1,42.0,24,0,1,247.35,6.7,28.03,55.0,9.0,2.0,1.0,0
0,42.0,208,0,0,143.25,6.6,16.24,118.0,6.0,2.0,2.0,0
0,46.0,113,0,0,323.85,4.9,36.7,123.0,5.0,2.0,3.0,0
0,41.0,148,0,0,277.8,9.5,31.48,104.0,10.5,3.0,1.0,0
1,34.0,77,0,0,377.7,9.8,42.81,109.0,7.0,3.0,2.0,0
1,42.0,85,0,0,302.1,12.0,34.24,106.0,3.0,4.0,1.0,0
0,45.0,108,0,0,281.1,12.6,31.86,107.0,8.0,4.0,1.0,0
1,19.0,1,0,0,217.2,13.8,24.62,79.0,3.0,4.0,1.0,0
0,34.0,45,0,0,169.2,9.0,19.18,106.0,3.0,3.0,2.0,0
1,40.0,35,0,0,391.2,5.8,44.34,123.0,2.0,2.0,1.0,0
0,29.0,127,0,0,220.05,13.7,24.94,110.0,3.0,4.0,1.0,0
1,41.0,92,0,0,137.55,9.2,15.59,86.0,4.0,3.0,2.0,0
1,57.0,120,0,1,319.05,9.7,36.16,119.0,10.5,3.0,2.0,0
1,59.0,73,0,0,141.15,9.8,16.0,77.0,4.0,3.0,0.0,0
0,37.0,117,0,0,224.85,13.3,25.48,92.0,10.5,4.0,2.0,0
1,43.0,78,0,0,285.45,11.7,32.35,109.0,5.0,4.0,2.0,0
1,30.0,159,0,0,131.55,10.5,14.91,93.0,10.0,3.0,1.0,0
0,33.0,95,0,0,211.65,5.9,23.99,127.0,6.0,2.0,3.0,0
0,40.0,67,0,0,465.6,9.2,52.77,99.0,10.0,3.0,3.5,0
1,21.0,33,0,1,280.2,15.0,31.76,103.0,5.0,5.0,0.0,0
1,31.0,99,0,0,232.95,12.4,26.4,67.0,4.0,4.0,0.0,0
1,50.0,91,1,0,194.85,11.2,22.08,130.0,3.0,4.0,3.0,0
1,31.0,73,0,0,205.65,11.1,23.31,120.0,4.0,3.0,1.0,0
0,35.0,94,0,0,378.9,11.1,42.94,106.0,7.0,3.0,2.0,0
0,39.0,106,0,0,287.1,8.2,32.54,76.0,3.0,3.0,1.0,0
1,31.0,133,1,1,331.65,15.4,37.59,108.0,4.0,5.0,2.0,0
1,54.0,106,0,0,78.3,11.4,8.87,95.0,2.0,4.0,2.0,0
1,36.0,113,0,0,198.15,6.9,22.46,123.0,6.0,2.0,3.0,0
1,29.0,57,0,1,265.2,8.3,30.06,116.0,4.0,3.0,0.0,0
1,35.0,97,0,0,216.3,13.8,24.51,72.0,4.0,4.0,3.0,0
1,59.5,92,1,0,259.65,9.0,29.43,117.0,5.0,3.0,1.0,0
1,33.0,68,0,0,235.95,12.0,26.74,129.0,7.0,4.0,1.0,0
1,28.0,177,0,0,284.25,14.2,32.22,112.0,2.0,4.0,1.0,0
0,39.0,132,0,1,263.55,8.6,29.87,118.0,3.0,3.0,2.0,0
1,41.0,80,0,0,309.45,12.4,35.07,82.0,10.5,4.0,0.0,0
1,42.0,98,0,0,241.5,12.1,27.37,113.0,4.0,4.0,3.5,0
1,24.0,24,0,0,362.85,6.6,41.12,105.0,5.0,2.0,1.0,0
1,41.0,106,0,1,248.85,14.1,28.2,86.0,8.0,4.0,3.5,0
1,59.5,99,0,0,82.2,7.5,9.32,125.0,3.0,3.0,1.0,0
0,41.0,63,0,0,199.35,9.9,22.59,121.0,2.0,3.0,3.0,0
1,36.0,33,0,0,320.85,9.8,36.36,71.0,10.5,3.0,2.0,0
0,59.5,85,0,0,337.5,7.1,38.25,110.0,2.0,2.0,3.0,0
1,32.0,92,0,1,363.3,8.9,41.17,108.0,1.0,3.0,1.0,0
0,31.0,10,0,0,274.5,8.7,31.11,73.0,6.0,3.0,2.0,0
0,34.0,62,0,0,259.2,9.1,29.38,90.0,8.0,3.0,2.0,0
1,59.5,150,0,0,283.95,9.2,32.18,117.0,5.0,3.0,3.5,0
0,48.0,88,0,0,242.25,7.9,27.46,95.0,4.0,3.0,2.0,0
1,30.0,103,0,0,249.9,7.7,28.32,115.0,6.0,3.0,1.0,0
0,59.5,93,1,0,468.0,10.5,53.04,74.0,2.0,3.0,0.0,0
1,33.0,140,1,1,283.35,11.5,32.11,100.0,5.0,4.0,3.5,0
0,33.0,112,0,1,272.7,9.2,30.91,141.0,4.0,3.0,2.0,0
0,23.0,56,0,0,182.4,8.9,20.67,95.0,2.0,3.0,1.0,0
0,38.0,155,0,1,192.75,6.8,21.85,85.0,6.0,2.0,1.0,0
1,33.0,154,0,0,482.11875,10.1,54.6375,100.0,9.0,3.0,1.0,0
0,39.0,84,1,0,449.1,6.6,50.9,89.0,7.0,2.0,2.0,0
0,34.0,167,0,0,197.4,11.1,22.37,97.0,4.0,3.0,3.5,0
0,43.0,166,0,0,305.1,9.2,34.58,124.0,5.0,3.0,2.0,0
0,59.5,88,0,1,285.9,9.8,32.4,116.0,1.0,3.0,2.0,0
0,33.0,28,0,0,182.55,8.3,20.69,122.0,2.0,3.0,3.5,0
0,39.0,87,0,1,321.0,10.6,36.38,82.0,5.0,3.0,0.0,0
1,32.0,107,0,0,318.15,7.7,36.06,111.0,2.0,3.0,3.0,0
0,43.0,77,0,1,314.55,7.1,35.65,111.0,3.0,2.0,2.0,0
0,23.0,73,0,0,275.1,7.5,31.18,100.0,3.0,3.0,3.5,0
0,59.5,89,0,0,269.55,7.6,30.55,120.0,3.0,3.0,1.0,0
0,48.0,85,0,0,264.6,11.5,29.99,50.0,1.0,4.0,1.0,0
1,34.0,134,0,0,267.0,11.7,30.26,105.0,4.0,4.0,1.0,0
0,29.0,90,0,0,392.7,9.6,44.51,91.0,5.0,3.0,1.0,0
1,28.0,106,0,0,221.85,8.8,25.14,80.0,5.0,3.0,2.0,0
1,31.0,101,0,0,275.85,10.8,31.26,145.0,10.5,3.0,1.0,0
0,31.0,109,0,0,325.5,8.2,36.89,106.0,4.0,3.0,1.0,0
0,35.0,167,1,0,328.65,10.1,37.25,101.0,4.0,3.0,2.0,0
0,33.0,60,0,0,331.65,7.4,37.59,90.0,3.0,2.0,1.0,0
0,48.0,107,0,1,302.7,11.9,34.31,133.0,8.0,4.0,1.0,0
1,35.0,161,1,0,291.3,12.9,33.01,129.0,1.0,4.0,1.0,0
0,41.0,55,0,0,428.55,14.8,48.57,140.0,7.0,4.0,0.0,0
0,59.5,208,1,0,257.25,5.0,29.16,102.0,2.0,2.0,1.0,0
0,48.0,87,0,0,252.3,12.9,28.59,99.0,3.0,4.0,1.0,0
1,59.5,174,0,1,251.7,14.5,28.53,132.0,4.0,4.0,3.5,0
1,22.0,143,0,1,279.9,11.6,31.72,138.0,5.0,4.0,1.0,0
1,28.0,160,0,0,250.2,9.3,28.36,77.0,1.0,3.0,1.0,0
0,36.0,38,0,0,223.5,13.9,25.33,93.0,10.5,4.0,0.0,0
0,34.0,97,0,0,359.7,8.7,40.77,81.0,5.0,3.0,2.0,0
0,46.0,101,0,0,60.46875000000003,7.2,6.857499999999998,95.0,4.0,2.0,1.0,0
0,31.0,61,0,1,245.55,9.9,27.83,118.0,3.0,3.0,3.0,0
1,25.0,55,0,0,263.4,9.3,29.85,55.0,4.0,3.0,0.0,0
0,32.0,84,0,1,134.55,10.7,15.25,114.0,2.0,3.0,1.0,0
1,21.0,140,0,0,347.85,14.3,39.42,98.0,6.0,4.0,3.0,0
0,25.0,73,0,0,362.55,11.1,41.09,122.0,2.0,3.0,2.0,0
0,38.0,89,0,0,288.15,6.1,32.66,138.0,3.0,2.0,0.0,0
0,48.0,88,0,1,120.45,12.8,13.65,123.0,3.0,4.0,2.0,0
0,28.0,130,0,0,231.3,9.2,26.21,117.0,5.0,3.0,2.0,0
1,34.0,116,0,0,246.9,8.0,27.98,109.0,3.0,3.0,0.0,0
1,59.5,194,0,0,243.45,10.9,27.59,81.0,2.0,3.0,0.0,0
1,41.0,73,0,0,240.15,13.0,27.22,72.0,4.0,4.0,0.0,0
1,30.0,65,0,0,175.2,14.1,19.86,150.0,2.0,4.0,1.0,0
0,47.0,120,0,0,267.6,9.3,30.33,93.0,9.0,3.0,1.0,0
1,26.0,96,0,0,269.25,6.6,30.52,133.0,2.0,2.0,1.0,0
0,47.0,69,0,0,291.3,9.7,33.01,80.0,3.0,3.0,2.0,0
0,31.0,64,0,0,291.3,5.5,33.01,114.0,2.0,2.0,2.0,0
1,42.0,112,0,0,289.95,9.1,32.86,115.0,3.0,3.0,3.5,0
0,38.0,124,0,1,241.8,8.9,27.4,87.0,4.0,3.0,1.0,0
1,25.0,102,0,0,406.65,10.3,46.09,105.0,5.0,3.0,1.0,0
0,37.0,80,0,1,354.9,9.5,40.22,102.0,10.0,3.0,2.0,0
1,53.0,144,0,1,284.7,6.5,32.27,106.0,2.0,2.0,2.0,0
1,30.0,129,0,0,310.5,13.4,35.19,112.0,5.0,4.0,3.0,0
0,44.0,36,0,0,267.9,10.9,30.36,119.0,5.0,3.0,1.0,0
1,41.0,147,0,0,307.95,7.8,34.9,84.0,4.0,3.0,1.0,0
0,59.5,140,0,0,292.2,13.9,33.12,93.0,4.0,4.0,0.0,0
1,26.0,151,0,0,262.95,11.8,29.8,88.0,5.0,4.0,0.0,0
1,48.0,63,0,0,417.0,13.1,47.26,118.0,4.0,4.0,3.5,0
1,37.0,118,0,1,137.25,12.7,15.56,99.0,8.0,4.0,2.0,0
0,51.0,110,0,0,82.95,10.2,9.4,108.0,5.0,3.0,1.0,0
0,29.0,208,0,0,274.05,8.8,31.06,103.0,2.0,3.0,1.0,0
0,57.0,124,0,0,251.1,10.3,28.46,115.0,5.0,3.0,0.0,0
1,36.0,23,0,0,482.11875,11.3,54.6375,154.5,3.0,4.0,2.0,0
1,40.0,141,0,1,224.55,7.6,25.45,115.0,2.0,3.0,3.0,0
0,31.0,64,1,0,337.95,17.3,38.3,132.0,9.0,5.0,1.0,0
0,48.0,69,1,1,407.25,8.2,46.16,85.0,2.0,3.0,1.0,0
1,29.0,53,0,0,277.2,17.4,31.42,116.0,3.0,5.0,2.0,0
0,42.0,46,0,0,209.1,13.6,23.7,77.0,6.0,4.0,1.0,0
0,30.0,119,0,1,213.9,12.0,24.24,102.0,2.0,4.0,3.0,0
0,41.0,65,0,0,368.55,4.2,41.77,117.0,5.0,2.0,3.5,0
0,29.0,137,0,0,309.6,8.8,35.09,84.0,5.0,3.0,2.0,0
1,36.0,86,1,0,399.15,10.3,45.24,103.0,4.0,3.0,1.0,0
1,31.0,93,0,0,171.45,10.9,19.43,88.0,9.0,3.0,0.0,0
1,37.0,133,0,0,341.1,4.7,38.66,99.0,7.0,2.0,0.0,0
1,48.0,127,0,1,274.8,11.2,31.14,71.0,8.0,4.0,1.0,0
0,49.0,129,0,0,252.6,11.8,28.63,100.0,7.0,4.0,1.0,0
1,45.0,161,0,0,287.85,13.4,32.62,107.0,4.0,4.0,3.5,0
1,31.0,135,0,0,227.55,10.5,25.79,100.0,6.0,3.0,0.0,0
0,42.0,128,0,0,238.2,7.6,27.0,77.0,7.0,3.0,1.0,0
1,55.0,94,0,0,291.15,15.3,33.0,115.0,4.0,5.0,1.0,0
0,36.0,76,0,0,215.55,5.8,24.43,95.0,6.0,2.0,1.0,0
0,35.0,118,1,0,240.0,9.9,27.2,99.0,3.0,3.0,2.0,0
0,38.0,101,0,1,329.55,9.5,37.35,113.0,2.0,3.0,2.0,0
0,37.0,52,0,0,232.5,7.0,26.35,84.0,4.0,2.0,3.5,0
1,39.0,160,0,0,264.3,9.2,29.95,95.0,4.0,3.0,1.0,0
0,38.0,86,0,0,249.3,5.4,28.25,97.0,7.0,2.0,1.0,0
0,25.0,85,0,0,382.95,3.7,43.4,78.0,5.0,1.5,3.0,0
1,38.0,124,0,0,377.25,11.1,42.76,71.0,6.0,3.0,3.0,0
0,39.0,64,0,1,315.0,5.9,35.7,94.0,4.0,2.0,3.5,0
1,33.0,135,0,0,328.2,10.3,37.2,80.0,3.0,3.0,3.5,0
0,32.0,10,0,0,333.3,12.9,37.77,80.0,4.0,4.0,1.0,0
1,43.0,71,0,0,365.55,11.3,41.43,129.0,2.0,4.0,0.0,0
0,37.0,90,0,0,60.46875000000003,14.2,6.857499999999998,111.0,5.0,4.0,3.0,0
1,36.0,68,0,1,359.25,9.9,40.72,70.0,6.0,3.0,0.0,0
0,44.0,65,0,0,158.55,6.6,17.97,105.0,10.5,2.0,2.0,0
1,40.0,22,0,0,165.45,9.5,18.75,96.0,5.0,3.0,0.0,0
1,23.0,113,0,0,323.4,13.5,36.65,115.0,3.0,4.0,1.0,0
1,26.0,113,0,0,359.55,8.7,40.75,88.0,3.0,3.0,2.0,0
1,54.0,116,0,0,219.6,7.8,24.89,102.0,5.0,3.0,1.0,0
1,38.0,96,0,1,259.05,9.8,29.36,70.0,3.0,3.0,1.0,0
0,59.5,53,0,1,220.2,7.2,24.96,130.0,7.0,2.0,0.0,0
0,29.0,104,0,0,251.4,11.7,28.49,94.0,2.0,4.0,3.5,0
0,38.0,190,0,1,175.05,9.9,19.84,103.0,3.0,3.0,1.0,0
0,33.0,106,0,0,254.1,10.7,28.8,79.0,4.0,3.0,1.0,0
1,38.0,119,1,1,220.8,7.7,25.02,120.0,2.0,3.0,0.0,0
0,30.0,78,0,0,130.5,11.0,14.79,120.0,5.0,3.0,0.0,0
0,59.5,116,0,0,343.95,8.8,38.98,91.0,3.0,3.0,2.0,0
0,39.0,179,1,1,330.15,10.1,37.42,85.0,4.0,3.0,3.5,0
1,48.0,193,0,0,256.35,11.6,29.05,89.0,3.0,4.0,1.0,0
0,30.0,65,0,0,288.0,5.5,32.64,102.0,4.0,2.0,2.0,0
1,42.0,19,0,1,234.9,11.3,26.62,135.0,1.0,4.0,1.0,0
1,42.0,3,0,1,177.15,11.9,20.08,89.0,6.0,4.0,2.0,0
1,36.0,57,0,1,319.5,9.5,36.21,115.0,3.0,3.0,0.0,0
1,39.0,107,0,1,372.9,12.0,42.26,83.0,1.0,4.0,1.0,0
0,57.0,151,0,1,294.75,13.4,33.41,124.0,5.0,4.0,0.0,0
0,51.0,48,0,0,412.8,7.9,46.78,110.0,2.0,3.0,1.0,0
1,33.0,74,0,0,258.15,11.6,29.26,105.0,6.0,4.0,1.0,0
0,31.0,171,0,0,405.75,9.6,45.99,111.0,5.0,3.0,1.0,0
1,22.0,107,0,0,345.6,8.5,39.17,88.0,3.0,3.0,1.0,0
1,43.0,113,1,0,306.45,9.2,34.73,97.0,7.0,3.0,1.0,0
1,53.0,90,1,0,332.7,8.4,37.71,154.0,4.0,3.0,1.0,0
1,36.0,88,0,0,323.4,11.8,36.65,65.0,1.0,4.0,3.0,0
1,42.0,128,0,1,397.65,10.0,45.07,91.0,3.0,3.0,1.0,0
0,41.0,162,0,0,172.65,11.4,19.57,98.0,3.0,4.0,2.0,0
1,29.0,108,0,0,231.3,15.4,26.21,75.0,4.0,5.0,3.5,0
1,18.0,149,0,0,178.8,12.2,20.26,119.0,6.0,4.0,3.5,0
1,28.0,63,0,1,213.45,6.6,24.19,91.0,8.0,2.0,1.0,0
0,52.0,99,0,1,268.65,10.6,30.45,96.0,1.0,3.0,2.0,0
1,54.0,133,0,0,280.5,10.0,31.79,108.0,8.0,3.0,2.0,0
1,47.0,67,0,0,163.65,10.9,18.55,86.0,5.0,3.0,2.0,0
1,57.0,116,0,1,379.5,11.8,43.01,104.0,3.0,4.0,2.0,0
1,39.0,72,0,0,265.65,8.0,30.11,94.0,6.0,3.0,1.0,0
0,42.0,124,0,0,236.1,8.8,26.76,102.0,3.0,3.0,3.0,0
1,30.0,149,1,0,264.3,5.7,29.95,92.0,4.0,2.0,0.0,0
0,31.0,108,0,0,439.5,10.0,49.81,87.0,6.0,3.0,2.0,0
0,43.0,113,0,0,408.15,8.5,46.26,105.0,10.0,3.0,1.0,0
1,34.0,86,0,1,251.4,12.2,28.49,121.0,6.0,4.0,1.0,0
0,47.0,117,0,1,120.3,8.6,13.63,102.0,2.0,3.0,1.0,0
0,48.0,115,0,1,288.45,10.5,32.69,120.0,3.0,3.0,2.0,0
1,31.0,64,1,0,482.11875,13.3,54.6375,102.0,9.0,4.0,1.0,0
1,23.0,25,0,0,268.2,8.4,30.4,99.0,5.0,3.0,2.0,0
0,36.0,106,0,0,237.9,9.1,26.96,106.0,3.0,3.0,0.0,0
1,26.0,38,0,0,196.8,8.2,22.3,106.0,6.0,3.0,2.0,0
1,59.5,125,0,0,287.4,9.2,32.57,123.0,3.0,3.0,2.0,0
1,45.0,99,0,0,143.1,5.6,16.22,117.0,5.0,2.0,1.0,0
1,50.0,112,0,0,291.6,11.4,33.05,107.0,2.0,4.0,0.0,0
0,35.0,123,0,0,291.0,12.1,32.98,108.0,4.0,4.0,1.0,0
0,34.0,208,0,0,264.6,9.3,29.99,107.0,3.0,3.0,3.5,0
0,45.0,69,0,0,292.65,11.4,33.17,90.0,5.0,4.0,0.0,0
0,27.0,84,0,1,321.45,11.3,36.43,117.0,10.0,4.0,0.0,0
0,24.0,94,0,0,406.8,11.5,46.1,51.0,3.0,4.0,3.0,0
0,37.0,65,0,0,320.1,3.000000000000001,36.28,123.0,4.0,1.5,1.0,0
0,24.0,110,0,0,150.15,11.1,17.02,57.0,8.0,3.0,3.0,0
0,38.0,98,0,1,165.75,11.0,18.79,84.0,4.0,3.0,1.0,0
0,27.0,59,0,0,230.4,12.5,26.11,89.0,10.0,4.0,1.0,0
1,22.0,68,0,0,293.1,15.1,33.22,134.0,10.5,5.0,1.0,0
1,41.0,42,0,0,138.3,13.1,15.67,73.0,6.0,4.0,1.0,0
1,31.0,208,0,0,340.8,8.9,38.62,74.0,4.0,3.0,3.0,0
0,34.0,145,0,0,60.46875000000003,10.0,6.857499999999998,90.0,6.0,3.0,0.0,0
1,32.0,103,0,1,224.85,11.5,25.48,112.0,7.0,4.0,0.0,0
1,48.0,163,0,0,334.5,8.8,37.91,125.0,5.0,3.0,1.0,0
0,56.0,61,0,1,281.25,6.4,31.88,129.0,6.0,2.0,3.5,0
0,40.0,108,0,1,323.85,15.5,36.7,107.0,7.0,5.0,0.0,0
0,41.0,105,0,0,159.6,5.3,18.09,114.0,4.0,2.0,3.5,0
1,57.0,46,0,0,375.45,13.3,42.55,104.0,2.0,4.0,2.0,0
1,24.0,63,0,0,175.65,11.1,19.91,84.0,4.0,3.0,3.0,0
0,25.0,89,0,1,314.85,8.7,35.68,92.0,7.0,3.0,1.0,0
0,51.0,80,0,0,359.85,9.3,40.78,106.0,5.0,3.0,1.0,0
1,30.0,189,0,0,341.1,6.3,38.66,120.0,4.0,2.0,2.0,0
0,35.0,114,0,0,284.7,10.6,32.27,121.0,5.0,3.0,1.0,0
1,38.0,54,0,0,410.7,11.7,46.55,117.0,3.0,4.0,1.0,0
0,42.0,137,0,0,146.25,3.000000000000001,16.58,78.0,0.0,1.5,1.0,0
0,33.0,141,0,1,222.9,10.1,25.26,142.0,1.0,3.0,1.0,0
1,59.5,66,0,0,177.0,5.3,20.06,122.0,5.0,2.0,1.0,0
0,30.0,173,0,0,258.75,10.9,29.33,63.0,2.0,3.0,0.0,0
1,32.0,114,1,1,261.75,12.3,29.67,91.0,10.0,4.0,2.0,0
0,37.0,36,0,0,380.1,8.4,43.08,103.0,2.0,3.0,1.0,0
1,38.0,119,0,1,330.15,11.1,37.42,80.0,3.0,3.0,0.0,0
1,47.0,85,1,0,248.1,9.6,28.12,110.0,7.0,3.0,2.0,0
0,43.0,128,0,0,280.95,10.1,31.84,68.0,5.0,3.0,1.0,0
0,28.0,86,0,0,204.6,11.5,23.19,86.0,1.0,4.0,3.0,0
1,22.0,50,0,0,275.4,8.7,31.21,99.0,3.0,3.0,1.0,0
0,24.0,111,0,0,383.85,12.3,43.5,84.0,5.0,4.0,3.0,0
1,28.0,99,0,0,213.45,9.1,24.19,114.0,1.0,3.0,0.0,0
1,36.0,71,0,0,387.6,9.7,43.93,87.0,8.0,3.0,3.5,0
0,37.0,100,0,0,304.65,13.5,34.53,122.0,2.0,4.0,3.0,0
0,38.0,107,0,0,362.85,11.7,41.12,92.0,6.0,4.0,0.0,0
1,24.0,104,0,0,234.3,13.1,26.55,94.0,5.0,4.0,1.0,0
0,34.0,70,0,1,374.25,9.8,42.42,68.0,4.0,3.0,1.0,0
0,59.5,47,0,0,232.95,12.3,26.4,73.0,4.0,4.0,3.0,0
1,46.0,185,0,1,226.65,13.8,25.69,91.0,2.0,4.0,2.0,0
1,43.0,70,0,0,222.6,8.9,25.23,101.0,4.0,3.0,0.0,0
0,28.0,83,0,1,339.6,10.8,38.49,82.0,7.0,3.0,1.0,0
0,35.0,72,0,0,208.35,10.8,23.61,91.0,3.0,3.0,1.0,0
1,59.5,56,0,1,190.65,12.1,21.61,111.0,3.0,4.0,1.0,0
1,49.0,144,0,1,425.85,10.0,48.26,85.0,4.0,3.0,1.0,0
0,38.0,7,0,1,332.1,10.8,37.64,105.0,10.5,3.0,1.0,0
0,21.0,74,0,0,235.65,7.6,26.71,77.0,3.0,3.0,2.0,0
1,37.0,147,0,0,372.9,8.0,42.26,109.0,4.0,3.0,3.0,0
0,35.0,113,0,0,121.95,8.9,13.82,113.0,3.0,3.0,0.0,0
0,36.0,95,0,0,202.5,12.5,22.95,102.0,9.0,4.0,1.0,0
1,36.0,97,0,0,252.9,7.3,28.66,123.0,4.0,2.0,1.0,0
0,30.0,127,0,1,249.0,10.2,28.22,68.0,6.0,3.0,1.0,0
0,52.0,94,0,0,162.0,10.4,18.36,92.0,3.0,3.0,3.0,0
1,38.0,130,0,0,274.5,9.5,31.11,78.0,10.5,3.0,0.0,0
1,36.0,52,0,1,199.95,13.5,22.66,107.0,2.0,4.0,1.0,0
0,34.0,169,0,0,353.55,13.3,40.07,97.0,10.0,4.0,1.0,0
1,31.0,101,0,1,393.3,7.3,44.57,100.0,10.5,2.0,1.0,0
1,29.0,119,0,0,430.65,13.9,48.81,86.0,1.0,4.0,2.0,0
1,32.0,99,0,0,253.8,10.6,28.76,104.0,2.0,3.0,0.0,0
0,30.0,53,0,0,86.25,11.6,9.78,128.0,6.0,4.0,3.0,0
1,30.0,104,0,0,114.6,9.4,12.99,94.0,3.0,3.0,3.0,0
1,32.0,82,0,1,310.8,9.5,35.22,92.0,5.0,3.0,2.0,0
1,23.0,164,0,1,328.65,14.3,37.25,60.0,6.0,4.0,1.0,0
0,34.0,133,0,1,261.0,14.1,29.58,87.0,7.0,4.0,2.0,0
0,29.0,105,0,0,341.1,13.0,38.66,82.0,4.0,4.0,1.0,0
1,56.0,88,0,0,109.95,8.2,12.46,76.0,3.0,3.0,3.5,0
0,31.0,101,0,1,158.85,10.7,18.0,120.0,5.0,3.0,1.0,0
0,44.0,100,0,1,337.05,9.8,38.2,61.0,6.0,3.0,0.0,0
0,33.0,111,0,1,193.2,10.3,21.9,76.0,2.0,3.0,2.0,0
0,40.0,122,0,1,306.75,8.6,34.77,103.0,5.0,3.0,2.0,0
0,43.0,102,0,0,153.9,9.1,17.44,140.0,4.0,3.0,2.0,0
0,49.0,160,0,0,128.7,9.2,14.59,92.0,4.0,3.0,3.0,0
1,23.0,33,0,1,242.85,8.5,27.52,131.0,2.0,3.0,1.0,0
0,39.0,117,0,0,359.85,9.8,40.78,93.0,2.0,3.0,0.0,0
0,26.0,11,0,1,314.7,7.0,35.67,79.0,7.0,2.0,1.0,0
0,31.0,74,0,0,128.55,10.1,14.57,85.0,5.0,3.0,2.0,0
0,32.0,126,0,1,171.45,12.6,19.43,111.0,7.0,4.0,3.0,0
1,40.0,144,0,0,266.25,11.9,30.18,118.0,3.0,4.0,2.0,0
1,35.0,67,1,0,181.35,11.4,20.55,130.0,10.5,4.0,2.0,0
1,41.0,70,0,0,60.46875000000003,12.1,6.857499999999998,89.0,1.0,4.0,0.0,0
0,33.0,139,0,1,321.9,14.8,36.48,132.0,10.5,4.0,0.0,0
0,37.0,70,0,0,295.95,6.7,33.54,105.0,6.0,2.0,1.0,0
0,23.0,124,0,0,226.65,5.3,25.69,93.0,3.0,2.0,1.0,0
1,52.0,76,0,0,279.15,8.0,31.64,100.0,4.0,3.0,0.0,0
1,31.0,102,0,0,234.75,9.9,26.61,72.0,2.0,3.0,2.0,0
1,37.0,107,0,1,171.45,7.5,19.43,74.0,8.0,3.0,1.0,0
1,59.5,86,0,0,324.45,4.5,36.77,110.0,3.0,2.0,0.0,0
0,37.0,146,0,0,308.1,10.3,34.92,83.0,2.0,3.0,3.0,0
1,41.0,45,0,0,233.55,11.0,26.47,98.0,1.0,3.0,1.0,0
0,35.0,11,0,0,215.1,9.7,24.38,100.0,6.0,3.0,2.0,0
1,37.0,65,0,1,237.15,8.9,26.88,96.0,6.0,3.0,1.0,0
0,35.0,108,0,0,323.4,3.6,36.65,65.0,5.0,1.5,1.0,0
1,31.0,72,0,0,408.6,12.7,46.31,81.0,2.0,4.0,0.0,0
0,41.0,77,0,0,101.55,12.0,11.51,137.0,2.0,4.0,1.0,0
1,38.0,177,0,1,345.3,10.4,39.13,108.0,2.0,3.0,1.0,0
1,59.5,119,0,0,122.85,8.9,13.92,125.0,1.0,3.0,2.0,0
1,34.0,75,0,1,321.15,9.2,36.4,126.0,6.0,3.0,0.0,0
1,35.0,121,0,1,103.05,11.4,11.68,46.5,4.0,4.0,1.0,0
1,35.0,49,1,0,356.7,15.6,40.43,86.0,6.0,5.0,2.0,0
0,44.0,179,0,0,174.15,11.6,19.74,103.0,5.0,4.0,0.0,0
0,20.0,161,0,0,161.25,12.6,18.28,131.0,3.0,4.0,2.0,0
0,36.0,127,0,1,353.4,7.7,40.05,127.0,2.0,3.0,1.0,0
0,28.0,63,0,0,317.55,7.4,35.99,108.0,7.0,2.0,0.0,0
1,34.0,123,0,1,298.05,12.5,33.78,124.0,5.0,4.0,1.0,0
1,34.0,114,0,0,303.15,13.3,34.36,120.0,5.0,4.0,2.0,0
1,59.0,21,0,0,337.5,10.7,38.25,93.0,4.0,3.0,0.0,0
1,59.5,57,0,0,289.2,12.7,32.78,105.0,6.0,4.0,1.0,0
1,35.0,117,0,1,297.15,6.8,33.68,92.0,6.0,2.0,1.0,0
0,41.0,103,0,0,251.7,13.0,28.53,73.0,3.0,4.0,3.5,0
0,29.0,100,0,0,173.85,7.1,19.7,77.0,4.0,2.0,1.0,0
0,44.0,122,0,0,210.15,11.2,23.82,127.0,5.0,4.0,2.0,0
0,27.0,45,0,0,117.9,7.4,13.36,111.0,5.0,2.0,1.0,0
0,45.0,67,0,1,173.4,9.9,19.65,103.0,10.5,3.0,2.0,0
0,27.0,83,0,0,292.5,11.0,33.15,92.0,10.5,3.0,0.0,0
1,40.0,113,0,1,223.5,9.5,25.33,76.0,5.0,3.0,3.5,0
1,30.0,106,1,0,200.55,10.7,22.73,89.0,2.0,3.0,1.0,0
1,38.0,138,0,0,330.3,12.9,37.43,79.0,5.0,4.0,0.0,0
1,36.0,163,0,1,240.0,10.4,27.2,118.0,7.0,3.0,1.0,0
1,36.0,113,0,0,314.1,7.4,35.6,116.0,2.0,2.0,1.0,0
1,41.0,95,0,1,424.65,11.3,48.13,129.0,3.0,4.0,3.0,0
0,45.0,120,0,0,304.95,7.8,34.56,103.0,2.0,3.0,3.0,0
1,25.0,166,0,0,306.3,9.5,34.71,109.0,5.0,3.0,1.0,0
0,34.0,122,0,0,260.4,9.7,29.51,103.0,7.0,3.0,3.0,0
1,40.0,87,0,0,253.65,9.9,28.75,106.0,10.0,3.0,3.0,0
0,45.0,101,0,0,404.55,4.5,45.85,107.0,10.5,2.0,3.0,0
0,42.0,49,0,0,399.45,14.0,45.27,98.0,2.0,4.0,2.0,0
1,32.0,116,1,0,323.1,12.6,36.62,109.0,5.0,4.0,3.0,0
1,39.0,131,0,1,261.0,6.7,29.58,90.0,3.0,2.0,1.0,0
0,48.0,75,0,0,225.9,8.1,25.6,104.0,5.0,3.0,0.0,0
1,26.0,74,0,1,261.9,9.0,29.68,92.0,4.0,3.0,1.0,0
1,32.0,83,0,0,198.6,8.6,22.51,84.0,2.0,3.0,1.0,0
0,46.0,161,0,0,158.1,7.8,17.92,126.0,5.0,3.0,0.0,0
0,41.0,148,0,0,267.45,11.4,30.31,98.0,4.0,4.0,1.0,0
1,31.0,1,0,0,294.15,7.0,33.34,91.0,2.0,2.0,1.0,0
0,39.0,94,0,1,255.15,12.8,28.92,73.0,4.0,4.0,1.0,0
1,59.5,78,0,0,287.55,9.1,32.59,86.0,5.0,3.0,1.0,0
1,37.0,90,0,0,164.4,11.0,18.63,121.0,5.0,3.0,2.0,0
0,38.0,113,0,0,232.5,13.5,26.35,123.0,3.0,4.0,1.0,0
0,55.0,130,0,0,225.6,12.3,25.57,76.0,4.0,4.0,1.0,0
0,30.0,161,0,0,227.4,4.0,25.77,68.0,5.0,2.0,1.0,0
1,40.0,123,0,0,244.65,9.0,27.73,77.0,10.0,3.0,1.0,0
0,36.0,125,0,0,190.05,13.3,21.54,114.0,7.0,4.0,1.0,0
0,30.0,120,0,1,266.85,11.5,30.24,117.0,4.0,4.0,1.0,0
0,38.0,89,1,0,188.4,5.4,21.35,108.0,5.0,2.0,1.0,0
0,39.0,103,0,0,277.5,12.6,31.45,91.0,2.0,4.0,2.0,0
1,25.0,116,0,1,274.2,11.0,31.08,103.0,2.0,3.0,1.0,0
0,37.0,54,0,1,215.85,12.5,24.46,117.0,8.0,4.0,2.0,0
1,29.0,81,0,0,297.6,10.4,33.73,71.0,6.0,3.0,2.0,0
1,23.0,79,0,0,402.45,6.3,45.61,88.0,7.0,2.0,1.0,0
0,43.0,147,0,1,377.25,10.4,42.76,87.0,6.0,3.0,3.0,0
0,31.0,39,0,0,231.15,9.8,26.2,92.0,4.0,3.0,2.0,0
1,31.0,120,0,0,378.0,9.6,42.84,96.0,1.0,3.0,2.0,0
1,39.0,42,1,0,271.05,12.0,30.72,114.0,6.0,4.0,2.0,0
0,35.0,76,0,0,297.45,12.5,33.71,96.0,3.0,4.0,0.0,0
1,46.0,138,0,1,285.15,14.2,32.32,130.0,6.0,4.0,0.0,0
1,30.0,105,0,0,406.35,8.8,46.05,60.0,5.0,3.0,0.0,0
1,36.0,105,0,0,152.1,12.2,17.24,53.0,2.0,4.0,1.0,0
1,51.0,59,0,0,306.45,12.0,34.73,94.0,4.0,4.0,1.0,0
0,38.0,37,1,0,159.9,9.6,18.12,113.0,8.0,3.0,2.0,0
1,39.0,41,0,1,320.7,7.2,36.35,123.0,3.0,2.0,0.0,0
1,38.0,16,0,0,308.4,10.9,34.95,64.0,3.0,3.0,0.0,0
1,32.0,65,0,0,230.85,8.5,26.16,147.0,3.0,3.0,2.0,0
1,29.0,70,0,0,320.1,5.7,36.28,101.0,4.0,2.0,1.0,0
1,32.0,79,0,0,228.3,5.3,25.87,87.0,3.0,2.0,1.0,0
0,59.5,34,0,0,226.5,9.9,25.67,86.0,7.0,3.0,0.0,0
0,38.0,93,0,1,250.35,11.5,28.37,106.0,1.0,4.0,1.0,0
1,37.0,109,0,0,276.0,11.0,31.28,86.0,3.0,3.0,0.0,0
1,30.0,136,1,0,385.2,9.1,43.66,82.0,10.0,3.0,3.0,0
1,43.0,135,0,0,292.2,11.0,33.12,126.0,3.0,3.0,1.0,0
0,43.0,141,0,0,390.3,7.2,44.23,119.0,8.0,2.0,3.0,0
1,36.0,42,0,1,245.7,8.1,27.85,106.0,5.0,3.0,0.0,0
1,33.0,60,0,0,147.3,9.3,16.69,69.0,2.0,3.0,2.0,0
0,51.0,85,0,0,317.25,13.3,35.96,131.0,4.0,4.0,2.0,0
0,49.0,99,0,0,286.8,14.1,32.5,114.0,3.0,4.0,1.0,0
1,49.0,112,0,0,251.4,17.3,28.49,107.0,3.0,5.0,2.0,0
1,44.0,63,0,0,246.75,11.2,27.97,97.0,2.0,4.0,0.0,0
1,44.0,57,0,0,231.3,10.1,26.21,97.0,9.0,3.0,1.0,0
1,31.0,91,0,0,223.5,8.3,25.33,94.0,3.0,3.0,0.0,0
1,47.0,138,0,0,190.65,5.0,21.61,75.0,3.0,2.0,3.0,0
1,42.0,109,0,0,256.05,11.4,29.02,112.0,4.0,4.0,2.0,0
1,28.0,118,1,1,234.75,11.1,26.61,81.0,3.0,3.0,3.5,0
1,52.0,28,0,0,239.55,9.3,27.15,116.0,3.0,3.0,2.0,0
0,40.0,114,0,1,211.95,9.4,24.02,85.0,3.0,3.0,3.0,0
1,27.0,141,1,1,387.9,11.2,43.96,97.0,5.0,4.0,0.0,0
0,47.0,169,1,0,85.65,6.5,9.71,103.0,6.0,2.0,3.0,0
0,42.0,70,0,1,188.85,10.3,21.4,75.0,4.0,3.0,1.0,0
0,38.0,86,0,0,326.7,11.3,37.03,70.0,7.0,4.0,0.0,0
0,32.0,137,0,0,308.85,14.5,35.0,84.0,4.0,4.0,2.0,0
1,38.0,103,0,1,161.55,8.9,18.31,98.0,3.0,3.0,0.0,0
1,37.0,78,0,0,232.5,11.8,26.35,125.0,5.0,4.0,2.0,0
0,38.0,129,0,1,306.75,14.8,34.77,117.0,9.0,4.0,2.0,0
1,21.0,159,0,0,298.2,16.5,33.8,120.0,7.0,5.0,3.5,0
0,48.0,102,0,0,216.6,7.1,24.55,59.0,7.0,2.0,0.0,0
0,43.0,51,0,0,340.8,14.9,38.62,126.0,2.0,5.0,0.0,0
1,42.0,158,0,0,233.85,8.6,26.5,116.0,8.0,3.0,2.0,0
1,41.0,54,0,1,176.4,11.3,19.99,113.0,10.0,4.0,2.0,0
0,48.0,64,0,1,270.15,7.5,30.62,118.0,3.0,3.0,0.0,0
1,38.0,81,0,1,195.15,11.4,22.12,123.0,5.0,4.0,0.0,0
1,30.0,119,0,0,186.45,14.8,21.13,93.0,1.0,4.0,0.0,0
0,35.0,120,0,1,366.45,10.6,41.53,83.0,6.0,3.0,0.0,0
1,30.0,31,0,0,249.15,12.7,28.24,98.0,2.0,4.0,1.0,0
0,51.0,74,0,1,291.9,13.1,33.08,75.0,2.0,4.0,2.0,0
1,31.0,69,0,0,251.25,11.4,28.48,103.0,4.0,4.0,2.0,0
1,48.0,86,0,0,211.95,8.2,24.02,91.0,5.0,3.0,1.0,0
1,41.0,58,0,1,291.75,9.5,33.07,92.0,2.0,3.0,1.0,0
0,34.0,155,0,1,365.85,13.4,41.46,123.0,10.5,4.0,2.0,0
0,59.5,163,0,0,268.05,10.6,30.38,84.0,2.0,3.0,3.5,0
0,29.0,68,0,0,355.65,13.2,40.31,79.0,2.0,4.0,1.0,0
1,26.0,85,0,0,314.7,11.3,35.67,85.0,3.0,4.0,0.0,0
0,43.0,87,0,0,343.05,11.8,38.88,90.0,3.0,4.0,1.0,0
1,29.0,49,0,0,178.95,11.1,20.28,90.0,1.0,3.0,1.0,0
0,44.0,117,0,0,276.75,8.7,31.37,90.0,4.0,3.0,1.0,0
1,33.0,157,0,0,229.05,9.4,25.96,93.0,4.0,3.0,1.0,0
1,37.0,39,0,0,90.6,12.4,10.27,46.5,3.0,4.0,1.0,0
1,36.0,105,0,0,249.15,16.2,28.24,55.0,3.0,5.0,2.0,0
0,40.0,111,0,0,426.6,8.4,48.35,91.0,8.0,3.0,0.0,0
1,43.0,102,0,0,293.55,8.3,33.27,73.0,3.0,3.0,1.0,0
0,34.0,64,0,0,222.15,12.3,25.18,125.0,2.0,4.0,3.5,0
0,33.0,111,0,1,145.2,13.4,16.46,85.0,4.0,4.0,2.0,0
1,20.0,69,0,0,215.4,10.8,24.41,83.0,5.0,3.0,3.0,0
0,37.0,97,0,1,199.8,11.0,22.64,79.0,3.0,3.0,1.0,0
1,34.0,122,0,1,201.3,8.5,22.81,96.0,2.0,3.0,2.0,0
0,46.0,103,0,0,284.7,12.2,32.27,103.0,4.0,4.0,0.0,0
0,30.0,91,0,0,347.7,11.6,39.41,129.0,7.0,4.0,3.0,0
1,34.0,89,0,0,455.85,5.3,51.66,89.0,3.0,2.0,1.0,0
1,24.0,67,0,1,345.9,9.4,39.2,115.0,2.0,3.0,1.0,0
0,27.0,113,0,0,281.4,8.7,31.89,101.0,6.0,3.0,2.0,0
0,32.0,52,0,0,248.25,12.2,28.14,124.0,6.0,4.0,0.0,0
1,52.0,108,0,1,254.7,9.5,28.87,105.0,7.0,3.0,2.0,0
1,35.0,100,0,0,417.0,8.3,47.26,126.0,4.0,3.0,0.0,0
1,40.0,140,0,0,259.8,11.2,29.44,128.0,5.0,4.0,3.0,0
0,43.0,113,1,0,187.8,8.3,21.28,139.0,8.0,3.0,0.0,0
0,37.0,200,0,0,192.3,11.2,21.79,123.0,2.0,4.0,1.0,0
1,46.0,88,0,0,222.3,6.4,25.19,79.0,4.0,2.0,2.0,0
1,42.0,107,0,1,329.1,11.0,37.3,91.0,1.0,3.0,2.0,0
0,59.5,93,0,0,401.85,11.3,45.54,90.0,3.0,4.0,3.0,0
1,29.0,80,0,1,249.6,10.7,28.29,84.0,4.0,3.0,3.5,0
1,33.0,180,0,0,208.5,15.7,23.63,118.0,5.0,5.0,2.0,0
1,44.0,25,0,0,178.95,10.5,20.28,86.0,4.0,3.0,3.0,0
1,32.0,195,0,1,347.55,12.1,39.39,89.0,2.0,4.0,0.0,0
0,28.0,21,0,0,367.05,6.6,41.6,87.0,1.0,2.0,1.0,0
1,41.0,172,0,0,318.0,12.6,36.04,78.0,10.0,4.0,3.0,0
1,49.0,87,0,0,384.3,7.4,43.55,80.0,2.0,2.0,3.5,0
0,34.0,117,0,0,202.05,7.7,22.9,104.0,3.0,3.0,1.0,0
1,42.0,52,0,1,253.95,8.2,28.78,86.0,3.0,3.0,0.0,0
1,39.0,75,0,1,297.3,11.3,33.69,73.0,7.0,4.0,1.0,0
0,43.0,78,0,1,296.1,13.2,33.56,73.0,2.0,4.0,0.0,0
0,40.0,145,0,1,221.25,15.6,25.08,102.0,3.0,5.0,2.0,0
1,25.0,117,0,0,277.2,9.6,31.42,113.0,8.0,3.0,1.0,0
1,25.0,122,0,0,270.0,11.5,30.6,120.0,6.0,4.0,2.0,0
1,32.0,91,0,0,200.55,5.9,22.73,89.0,2.0,2.0,0.0,0
1,31.0,72,0,0,220.5,10.5,24.99,80.0,4.0,3.0,1.0,0
1,35.0,136,0,0,152.55,9.4,17.29,119.0,6.0,3.0,3.0,0
0,36.0,71,0,0,416.25,8.2,47.18,101.0,2.0,3.0,1.0,0
0,38.0,174,0,0,358.8,8.8,40.66,116.0,3.0,3.0,1.0,0
0,43.0,105,0,1,269.1,10.0,30.5,105.0,5.0,3.0,0.0,0
0,42.0,181,0,0,214.95,6.0,24.36,95.0,7.0,2.0,1.0,0
1,46.0,143,0,1,358.8,9.5,40.66,95.0,4.0,3.0,1.0,0
1,48.0,107,0,0,155.1,14.4,17.58,125.0,3.0,4.0,1.0,0
1,43.0,85,0,1,344.4,9.5,39.03,76.0,8.0,3.0,2.0,0
0,35.0,39,0,0,443.1,11.5,50.22,123.0,2.0,4.0,1.0,0
1,59.5,165,0,0,324.9,12.4,36.82,123.0,8.0,4.0,0.0,0
1,30.0,68,0,0,340.05,10.2,38.54,117.0,1.0,3.0,0.0,0
0,30.0,93,0,0,264.15,8.5,29.94,96.0,6.0,3.0,2.0,0
0,59.5,65,0,0,293.1,8.9,33.22,105.0,4.0,3.0,0.0,0
0,59.5,122,0,0,255.75,11.3,28.99,75.0,2.0,4.0,1.0,0
1,25.0,146,1,0,199.5,11.2,22.61,128.0,3.0,4.0,1.0,0
0,36.0,127,1,0,271.35,7.4,30.75,105.0,4.0,2.0,2.0,0
0,40.0,92,0,0,231.0,5.6,26.18,117.0,2.0,2.0,3.0,0
1,52.0,105,0,0,221.55,12.8,25.11,102.0,3.0,4.0,2.0,0
0,58.0,41,0,0,304.35,9.0,34.49,92.0,3.0,3.0,3.0,0
1,32.0,117,0,0,214.95,11.5,24.36,96.0,3.0,4.0,1.0,0
0,36.0,112,0,0,261.75,11.3,29.67,120.0,7.0,4.0,1.0,0
1,29.0,48,0,1,297.0,7.6,33.66,71.0,4.0,3.0,1.0,0
0,51.0,125,0,0,343.95,12.0,38.98,95.0,8.0,4.0,1.0,0
0,28.0,92,0,1,226.65,10.0,25.69,114.0,3.0,3.0,1.0,0
0,29.0,119,0,1,325.8,11.3,36.92,85.0,4.0,4.0,0.0,0
0,38.0,50,0,0,197.55,11.0,22.39,126.0,5.0,3.0,1.0,0
1,35.0,148,1,0,222.3,8.6,25.19,62.0,3.0,3.0,2.0,0
1,36.0,104,0,0,209.55,11.3,23.75,102.0,5.0,4.0,2.0,0
1,39.0,136,0,0,228.9,5.0,25.94,99.0,10.0,2.0,1.0,0
1,59.5,124,0,0,291.0,11.9,32.98,153.0,5.0,4.0,0.0,0
0,25.0,79,0,0,236.4,9.4,26.79,86.0,10.0,3.0,3.5,0
1,59.5,64,0,0,231.0,3.5,26.18,86.0,3.0,1.5,1.0,0
1,34.0,51,0,0,348.6,9.1,39.51,107.0,3.0,3.0,1.0,0
1,36.0,110,0,0,282.0,15.3,31.96,64.0,3.0,5.0,3.0,0
1,35.0,79,0,0,308.55,6.7,34.97,106.0,10.5,2.0,1.0,0
0,41.0,47,0,1,169.2,13.2,19.18,112.0,6.0,4.0,2.0,0
0,42.0,109,0,1,250.35,12.3,28.37,97.0,4.0,4.0,1.0,0
0,31.0,147,1,0,337.8,9.9,38.28,146.0,1.0,3.0,0.0,0
1,40.0,104,1,0,222.3,11.0,25.19,103.0,4.0,3.0,0.0,0
1,59.5,85,1,0,324.0,3.6,36.72,98.0,7.0,1.5,2.0,0
0,57.0,63,0,0,223.95,9.1,25.38,72.0,4.0,3.0,0.0,0
0,28.0,97,1,0,215.55,10.9,24.43,81.0,3.0,3.0,0.0,0
1,49.0,104,0,0,275.4,12.7,31.21,112.0,2.0,4.0,1.0,0
1,30.0,137,1,0,261.0,11.4,29.58,98.0,3.0,4.0,2.0,0
0,51.0,133,0,0,302.55,6.0,34.29,80.0,4.0,2.0,0.0,0
1,26.0,58,0,0,364.65,7.8,41.33,120.0,4.0,3.0,2.0,0
1,30.0,132,0,0,254.85,11.5,28.88,79.0,2.0,4.0,1.0,0
0,33.0,113,0,0,310.8,9.9,35.22,87.0,1.0,3.0,1.0,0
1,55.0,82,0,0,450.45,11.7,51.05,73.0,4.0,4.0,0.0,0
1,29.0,112,0,0,482.11875,12.7,54.6375,132.0,8.0,4.0,2.0,0
1,56.0,160,0,0,261.45,8.3,29.63,131.0,2.0,3.0,0.0,0
0,45.0,85,0,0,153.0,10.7,17.34,105.0,3.0,3.0,1.0,0
0,42.0,135,0,0,302.7,10.3,34.31,82.0,6.0,3.0,1.0,0
0,26.0,6,0,0,339.75,9.4,38.51,98.0,4.0,3.0,3.0,0
0,43.0,150,0,0,219.45,13.1,24.87,103.0,3.0,4.0,1.0,0
0,27.0,124,0,0,282.75,6.1,32.05,127.0,6.0,2.0,1.0,0
1,48.0,32,0,1,400.05,16.3,45.34,98.0,4.0,5.0,1.0,0
0,44.0,143,0,0,165.15,9.2,18.72,94.0,2.0,3.0,1.0,0
0,48.0,69,0,0,292.95,12.5,33.2,119.0,4.0,4.0,3.0,0
0,41.0,180,0,1,347.7,7.6,39.41,121.0,4.0,3.0,1.0,0
0,31.0,144,1,0,305.25,11.9,34.6,94.0,10.5,4.0,0.0,0
0,43.0,120,0,1,230.25,11.4,26.1,76.0,4.0,4.0,0.0,0
0,32.0,68,0,0,259.05,11.7,29.36,99.0,1.0,4.0,2.0,0
1,59.5,58,0,0,352.2,9.9,39.92,122.0,6.0,3.0,0.0,0
0,29.0,99,0,0,285.6,11.2,32.37,92.0,4.0,4.0,2.0,0
0,33.0,92,0,0,312.0,8.6,35.36,97.0,6.0,3.0,0.0,0
0,59.5,143,0,0,304.2,4.6,34.48,71.0,4.0,2.0,1.0,0
0,32.0,137,0,0,190.5,7.5,21.59,127.0,2.0,3.0,1.0,0
0,41.0,120,0,0,331.95,9.3,37.62,80.0,7.0,3.0,0.0,0
1,26.0,98,0,0,280.8,5.1,31.82,129.0,4.0,2.0,1.0,0
1,35.0,130,0,0,231.0,12.9,26.18,75.0,1.0,4.0,1.0,0
1,38.0,75,1,0,333.6,8.7,37.81,104.0,9.0,3.0,1.0,0
1,38.0,78,0,0,206.1,14.0,23.36,136.0,10.5,4.0,3.0,0
0,40.0,116,0,0,260.25,16.2,29.5,112.0,10.0,5.0,3.0,0
0,34.0,81,0,1,242.4,12.2,27.47,101.0,5.0,4.0,1.0,0
0,35.0,77,0,0,217.35,12.3,24.63,73.0,3.0,4.0,2.0,0
1,34.0,190,0,1,249.75,8.5,28.31,102.0,3.0,3.0,0.0,0
1,29.0,74,0,0,247.95,9.8,28.1,102.0,3.0,3.0,1.0,0
1,30.0,13,0,1,264.9,11.3,30.02,128.0,5.0,4.0,2.0,0
1,34.0,71,0,1,263.55,14.1,29.87,154.0,7.0,4.0,1.0,0
0,29.0,78,0,0,379.35,9.5,42.99,105.0,7.0,3.0,3.0,0
0,35.0,97,0,0,181.2,11.9,20.54,63.0,3.0,4.0,3.5,0
1,30.0,66,0,0,131.4,9.2,14.89,125.0,5.0,3.0,1.0,0
1,35.0,124,0,0,237.9,10.2,26.96,104.0,8.0,3.0,3.0,0
1,34.0,60,0,0,203.1,7.9,23.02,103.0,4.0,3.0,1.0,0
1,43.0,112,0,0,251.7,11.9,28.53,108.0,4.0,4.0,0.0,0
1,24.0,140,0,1,235.65,11.1,26.71,94.0,9.0,3.0,1.0,0
0,47.0,44,0,1,332.7,14.0,37.71,62.0,7.0,4.0,0.0,0
1,42.0,40,0,1,337.05,7.5,38.2,104.0,5.0,3.0,1.0,0
1,30.0,94,0,0,209.1,7.7,23.7,129.0,3.0,3.0,0.0,0
1,59.5,73,0,1,123.45,11.8,13.99,98.0,2.0,4.0,3.5,0
1,41.0,189,0,1,385.05,11.4,43.64,87.0,3.0,4.0,3.0,0
1,44.0,94,1,0,353.4,8.6,40.05,93.0,4.0,3.0,1.0,0
1,37.0,122,0,0,235.65,8.5,26.71,59.0,5.0,3.0,3.5,0
1,25.0,102,0,0,300.9,7.7,34.1,128.0,2.0,3.0,3.0,0
0,54.0,70,0,0,345.45,13.2,39.15,105.0,4.0,4.0,1.0,0
1,43.0,73,0,0,235.65,10.0,26.71,91.0,8.0,3.0,0.0,0
0,36.0,179,0,0,256.05,13.3,29.02,107.0,4.0,4.0,1.0,0
0,31.0,196,0,0,351.0,9.1,39.78,70.0,5.0,3.0,2.0,0
1,41.0,99,0,0,211.05,12.4,23.92,125.0,4.0,4.0,2.0,0
0,34.0,61,1,0,117.3,10.1,13.29,100.0,6.0,3.0,2.0,0
0,33.0,48,0,0,285.6,8.3,32.37,113.0,4.0,3.0,2.0,0
0,28.0,139,0,1,236.4,13.7,26.79,112.0,2.0,4.0,0.0,0
0,25.0,50,0,0,232.05,11.1,26.3,95.0,3.0,3.0,0.0,0
0,26.0,150,0,1,314.85,6.6,35.68,113.0,1.0,2.0,0.0,0
0,33.0,78,0,0,196.2,10.0,22.24,108.0,5.0,3.0,1.0,0
0,48.0,151,0,0,201.75,15.4,22.87,61.0,1.0,5.0,1.0,0
1,33.0,65,0,0,223.05,12.7,25.28,107.0,6.0,4.0,2.0,0
0,39.0,142,0,0,127.2,14.2,14.42,148.0,6.0,4.0,2.0,0
1,57.0,84,0,0,340.35,13.2,38.57,121.0,5.0,4.0,2.0,0
0,46.0,141,0,0,77.85,10.1,8.82,115.0,3.0,3.0,3.0,0
1,26.0,115,0,0,164.55,15.4,18.65,96.0,8.0,5.0,3.0,0
0,59.5,79,0,0,195.3,14.0,22.13,140.0,6.0,4.0,3.0,0
0,35.0,83,1,1,142.05,10.6,16.1,109.0,6.0,3.0,2.0,0
0,40.0,22,0,0,240.6,12.5,27.27,115.0,4.0,4.0,1.0,0
0,36.0,55,0,1,248.4,11.0,28.15,90.0,2.0,3.0,3.0,0
1,58.0,60,1,0,274.5,11.1,31.11,119.0,6.0,3.0,1.0,0
1,55.0,95,0,0,295.5,16.1,33.49,104.0,8.0,5.0,0.0,0
0,41.0,96,0,0,240.3,9.3,27.23,68.0,5.0,3.0,2.0,0
1,42.0,84,0,1,247.95,7.6,28.1,72.0,7.0,3.0,3.0,0
1,41.0,40,1,0,256.05,8.2,29.02,89.0,9.0,3.0,3.0,0
1,46.0,74,0,0,222.75,9.9,25.25,83.0,6.0,3.0,3.0,0
1,28.0,125,0,0,245.7,15.7,27.85,95.0,4.0,5.0,0.0,0
0,50.0,64,0,0,329.4,9.7,37.33,65.0,5.0,3.0,1.0,0
0,27.0,88,0,0,284.7,14.9,32.27,111.0,3.0,5.0,2.0,0
1,42.0,67,0,0,316.05,7.2,35.82,83.0,6.0,2.0,1.0,0
0,34.0,120,0,0,237.0,10.0,26.86,132.0,5.0,3.0,1.0,0
0,38.0,131,0,0,249.75,9.9,28.31,93.0,5.0,3.0,1.0,0
1,42.0,106,0,1,296.1,12.3,33.56,101.0,4.0,4.0,3.0,0
1,32.0,132,0,1,339.3,10.5,38.45,102.0,5.0,3.0,3.0,0
1,39.0,49,0,0,320.7,15.6,36.35,128.0,7.0,5.0,0.0,0
1,38.0,151,0,0,353.85,5.8,40.1,116.0,2.0,2.0,3.0,0
1,36.0,101,0,0,134.55,13.5,15.25,93.0,10.5,4.0,3.5,0
1,36.0,57,0,1,419.85,13.0,47.58,94.0,2.0,4.0,1.0,0
1,59.5,65,0,0,166.5,4.4,18.87,89.0,10.5,2.0,1.0,0
0,31.0,138,0,0,257.1,17.0,29.14,115.0,4.0,5.0,3.0,0
1,27.0,143,0,0,233.25,7.6,26.44,61.0,10.5,3.0,1.0,0
0,34.0,98,0,0,331.8,11.9,37.6,89.0,3.0,4.0,3.5,0
0,53.0,105,0,1,314.4,10.6,35.63,131.0,3.0,3.0,2.0,0
1,47.0,102,0,0,261.75,10.3,29.67,116.0,5.0,3.0,3.5,0
1,59.5,34,0,0,187.2,10.0,21.22,78.0,4.0,3.0,2.0,0
1,35.0,57,0,0,254.4,11.2,28.83,83.0,4.0,4.0,0.0,0
0,37.0,208,0,0,482.11875,10.7,54.6375,102.0,6.0,3.0,2.0,0
1,32.0,27,0,0,355.05,12.7,40.24,85.0,6.0,4.0,1.0,0
1,54.0,147,0,0,319.2,10.2,36.18,113.0,2.0,3.0,1.0,0
1,25.0,90,0,0,310.8,8.0,35.22,103.0,1.0,3.0,2.0,0
0,33.0,125,1,0,280.95,9.6,31.84,112.0,2.0,3.0,0.0,0
1,32.0,93,0,1,268.05,8.0,30.38,82.0,4.0,3.0,2.0,0
1,58.0,139,0,0,316.65,5.6,35.89,70.0,4.0,2.0,0.0,0
1,29.0,73,0,0,280.95,15.1,31.84,108.0,2.0,5.0,1.0,0
1,35.0,71,0,0,211.8,7.0,24.0,72.0,2.0,2.0,2.0,0
1,36.0,119,0,0,334.2,11.2,37.88,112.0,6.0,4.0,1.0,0
1,34.0,139,0,0,304.8,9.7,34.54,76.0,3.0,3.0,2.0,0
1,53.0,105,0,1,354.75,8.1,40.21,115.0,3.0,3.0,2.0,0
1,33.0,120,0,0,270.0,4.7,30.6,91.0,7.0,2.0,3.0,0
0,53.0,116,0,0,302.7,16.5,34.31,130.0,5.0,5.0,0.0,0
0,36.0,80,0,0,158.7,13.1,17.99,87.0,5.0,4.0,0.0,0
1,27.0,124,0,0,381.45,11.8,43.23,69.0,2.0,4.0,2.0,0
1,38.0,74,0,0,331.65,10.6,37.59,112.0,3.0,3.0,0.0,0
1,35.0,97,0,0,326.4,4.2,36.99,110.0,3.0,2.0,0.0,0
1,45.0,99,0,0,325.8,15.8,36.92,89.0,7.0,5.0,3.0,0
0,41.0,102,0,0,337.05,15.8,38.2,109.0,6.0,5.0,1.0,0
1,47.0,129,0,1,179.4,5.9,20.33,154.5,2.0,2.0,2.0,0
1,37.0,58,0,0,248.1,12.8,28.12,118.0,5.0,4.0,2.0,0
1,30.0,141,0,0,325.65,12.0,36.91,103.0,6.0,4.0,0.0,0
1,29.0,144,0,0,417.75,11.6,47.35,90.0,5.0,4.0,1.0,0
0,37.0,90,0,0,301.35,8.9,34.15,98.0,7.0,3.0,1.0,0
0,38.0,62,0,0,258.6,11.0,29.31,109.0,5.0,3.0,0.0,0
0,26.0,158,0,0,307.8,14.4,34.88,108.0,10.5,4.0,0.0,0
1,37.0,46,0,0,298.8,10.2,33.86,84.0,2.0,3.0,3.0,0
0,21.0,152,0,0,309.45,10.6,35.07,121.0,4.0,3.0,1.0,0
0,54.0,139,0,0,331.95,11.3,37.62,89.0,6.0,4.0,1.0,0
0,57.0,127,0,0,330.3,11.7,37.43,113.0,3.0,4.0,2.0,0
1,54.0,119,0,1,231.0,11.8,26.18,112.0,4.0,4.0,2.0,0
0,58.0,136,0,1,269.1,9.5,30.5,120.0,4.0,3.0,2.0,0
0,32.0,144,1,1,262.2,12.8,29.72,90.0,3.0,4.0,0.0,0
0,59.5,144,1,0,225.0,9.4,25.5,121.0,10.5,3.0,0.0,0
1,37.0,99,0,0,193.2,14.1,21.9,131.0,4.0,4.0,2.0,0
0,42.0,73,0,0,263.1,12.2,29.82,85.0,4.0,4.0,0.0,0
1,37.0,128,0,0,370.95,14.7,42.04,112.0,2.0,4.0,3.0,0
0,26.0,54,0,0,175.2,12.0,19.86,101.0,2.0,4.0,1.0,0
0,42.0,81,1,1,355.65,7.9,40.31,120.0,3.0,3.0,1.0,0
0,41.0,149,0,0,210.6,11.1,23.87,108.0,9.0,3.0,1.0,0
1,29.0,81,0,0,331.2,7.6,37.54,100.0,3.0,3.0,2.0,0
1,32.0,60,0,0,187.65,11.2,21.27,79.0,3.0,4.0,3.0,0
1,38.0,81,0,1,173.85,11.7,19.7,90.0,6.0,4.0,3.0,0
0,29.0,151,0,1,322.05,8.6,36.5,46.5,4.0,3.0,1.0,0
0,59.5,93,0,0,285.3,8.8,32.33,92.0,4.0,3.0,0.0,0
1,25.0,95,0,0,234.9,12.3,26.62,115.0,5.0,4.0,3.0,0
0,43.0,154,0,1,336.0,9.6,38.08,100.0,2.0,3.0,0.0,0
0,45.0,42,0,0,219.45,8.0,24.87,117.0,10.5,3.0,1.0,0
0,42.0,73,0,0,382.05,10.6,43.3,60.0,8.0,3.0,0.0,0
0,36.0,42,0,0,233.1,9.0,26.42,128.0,3.0,3.0,0.0,0
1,35.0,157,0,0,344.7,9.6,39.07,108.0,7.0,3.0,3.0,0
0,59.5,133,0,0,368.7,11.2,41.79,103.0,7.0,4.0,0.0,0
1,25.0,144,0,1,159.6,10.1,18.09,111.0,5.0,3.0,1.0,0
1,32.0,61,0,0,67.5,9.8,7.65,94.0,6.0,3.0,2.0,0
1,49.0,50,1,1,460.65,8.0,52.21,109.0,3.0,3.0,0.0,0
0,42.0,119,0,1,176.7,7.6,20.03,76.0,3.0,3.0,3.0,0
1,45.0,127,0,0,273.45,9.3,30.99,116.0,3.0,3.0,1.0,0
1,37.0,73,0,0,326.7,10.3,37.03,89.0,6.0,3.0,1.0,0
